#
# A fatal error has been detected by the Java Runtime Environment:
#
#  EXCEPTION_ACCESS_VIOLATION (0xc0000005) at pc=0x00007fff6fc3d65b, pid=16256, tid=30084
#
# JRE version: OpenJDK Runtime Environment (21.0.10) (build 21.0.10+-14961533-b1163.108)
# Java VM: OpenJDK 64-Bit Server VM (21.0.10+-14961533-b1163.108, mixed mode, tiered, compressed oops, compressed class ptrs, g1 gc, windows-amd64)
# Problematic frame:
# V  [jvm.dll+0x24d65b]
#
# No core dump will be written. Minidumps are not enabled by default on client versions of Windows
#
# If you would like to submit a bug report, please visit:
#   https://youtrack.jetbrains.com/issues/JBR
#

---------------  S U M M A R Y ------------

Command Line: --add-opens=java.base/java.lang=ALL-UNNAMED --add-opens=java.base/java.lang.invoke=ALL-UNNAMED --add-opens=java.base/java.util=ALL-UNNAMED --add-opens=java.prefs/java.util.prefs=ALL-UNNAMED --add-exports=jdk.compiler/com.sun.tools.javac.api=ALL-UNNAMED --add-exports=jdk.compiler/com.sun.tools.javac.util=ALL-UNNAMED --add-opens=java.base/java.util=ALL-UNNAMED --add-opens=java.prefs/java.util.prefs=ALL-UNNAMED --add-opens=java.base/java.nio.charset=ALL-UNNAMED --add-opens=java.base/java.net=ALL-UNNAMED --add-opens=java.base/java.util.concurrent=ALL-UNNAMED --add-opens=java.base/java.util.concurrent.atomic=ALL-UNNAMED --add-opens=java.xml/javax.xml.namespace=ALL-UNNAMED --add-opens=java.base/java.time=ALL-UNNAMED -Xmx2048m -Dfile.encoding=UTF-8 -Duser.country=ZA -Duser.language=en -Duser.variant -javaagent:C:\Users\Jucelian\.gradle\wrapper\dists\gradle-9.4.1-bin\arn2x92ynaizyzdaamcbpbhtj\gradle-9.4.1\lib\agents\gradle-instrumentation-agent-9.4.1.jar org.gradle.launcher.daemon.bootstrap.GradleDaemon 9.4.1

Host: AMD Ryzen 5 5500                               , 12 cores, 31G,  Windows 11 , 64 bit Build 26100 (10.0.26100.8875)
Time: Wed Jul 22 12:22:12 2026 South Africa Standard Time elapsed time: 48.435560 seconds (0d 0h 0m 48s)

---------------  T H R E A D  ---------------

Current thread (0x00000216f878dc90):  JavaThread "C2 CompilerThread2" daemon [_thread_in_native, id=30084, stack(0x000000976d600000,0x000000976d700000) (1024K)]


Current CompileTask:
C2:48435 11162       4       java.net.URLClassLoader$1::run (5 bytes)

Stack: [0x000000976d600000,0x000000976d700000],  sp=0x000000976d6fd4b0,  free space=1013k
Native frames: (J=compiled Java code, j=interpreted, Vv=VM code, C=native code)
V  [jvm.dll+0x24d65b]
V  [jvm.dll+0x6fcfec]
V  [jvm.dll+0x248ed7]
V  [jvm.dll+0x1c76e4]
V  [jvm.dll+0x25891e]
V  [jvm.dll+0x256e66]
V  [jvm.dll+0x3f513e]
V  [jvm.dll+0x80fd28]
V  [jvm.dll+0x6d60fd]
C  [ucrtbase.dll+0x2cd30]
C  [KERNEL32.DLL+0x2e957]
C  [ntdll.dll+0xaad6c]


siginfo: EXCEPTION_ACCESS_VIOLATION (0xc0000005), reading address 0xffffffffffffffff


Registers:
RAX=0x0000000000000000, RBX=0x000000976d6fe1b0, RCX=0x000000000000118d, RDX=0x000000000000025d
RSP=0x000000976d6fd4b0, RBP=0x0000000000000000, RSI=0x00000216806f7c28, RDI=0x000000976d6fe060
R8 =0x0000000000000000, R9 =0x0000000000000003, R10=0x00040216806f7e48, R11=0x00040216806f7e48
R12=0x000000000000118e, R13=0x00000216f7d04d40, R14=0x000000000000001f, R15=0x0000021680277600
RIP=0x00007fff6fc3d65b, EFLAGS=0x0000000000010206

XMM[0]=0x0000000000000000 0x0000000000000000
XMM[1]=0x0000000000000000 0x0000000000000000
XMM[2]=0x0000000000000000 0x0000000000000000
XMM[3]=0x0000000000000000 0x0000000000000000
XMM[4]=0x0000000000000000 0x0000000000000000
XMM[5]=0x0000000000000000 0x0000000000000000
XMM[6]=0x0000000000000000 0x0000000000000000
XMM[7]=0x0000000000000000 0x0000000000000000
XMM[8]=0x0000000000000000 0x0000000000000000
XMM[9]=0x0000000000000000 0x0000000000000000
XMM[10]=0x0000000000000000 0x0000000000000000
XMM[11]=0x0000000000000000 0x0000000000000000
XMM[12]=0x0000000000000000 0x0000000000000000
XMM[13]=0x0000000000000000 0x0000000000000000
XMM[14]=0x0000000000000000 0x0000000000000000
XMM[15]=0x0000000000000000 0x0000000000000000
  MXCSR=0x00001fa0


Register to memory mapping:

RAX=0x0 is null
RBX=0x000000976d6fe1b0 is pointing into the stack for thread: 0x00000216f878dc90
RCX=0x000000000000118d is an unknown value
RDX=0x000000000000025d is an unknown value
RSP=0x000000976d6fd4b0 is pointing into the stack for thread: 0x00000216f878dc90
RBP=0x0 is null
RSI=0x00000216806f7c28 points into unknown readable memory: 0x00007fff7035c300 | 00 c3 35 70 ff 7f 00 00
RDI=0x000000976d6fe060 is pointing into the stack for thread: 0x00000216f878dc90
R8 =0x0 is null
R9 =0x0000000000000003 is an unknown value
R10=0x00040216806f7e48 is an unknown value
R11=0x00040216806f7e48 is an unknown value
R12=0x000000000000118e is an unknown value
R13=0x00000216f7d04d40 points into unknown readable memory: 0x000000976d6fe2e0 | e0 e2 6f 6d 97 00 00 00
R14=0x000000000000001f is an unknown value
R15=0x0000021680277600 points into unknown readable memory: 0x00007fff703243c0 | c0 43 32 70 ff 7f 00 00

Top of Stack: (sp=0x000000976d6fd4b0)
0x000000976d6fd4b0:   000000976d6fe1b0 0000021680728ae0
0x000000976d6fd4c0:   000000976d6fe1b0 0000000000004f90
0x000000976d6fd4d0:   0000000000000000 000000976d6fe050
0x000000976d6fd4e0:   00000216ef2e4420 000000976d6fd6f0
0x000000976d6fd4f0:   000000976d6fe1b0 00007fff700ecfec
0x000000976d6fd500:   00000216f7d04db0 00000216f7d08e10
0x000000976d6fd510:   00000216f7d04d40 000000976d6fe1b0
0x000000976d6fd520:   0000000000000002 00007fff6fc38ed7
0x000000976d6fd530:   00000216f7d08e10 000000976d6fd630
0x000000976d6fd540:   000000976d6fe1b0 0000000000000001
0x000000976d6fd550:   0000000000000000 0000000000000000
0x000000976d6fd560:   000000976d6fe1b0 0000000000000000
0x000000976d6fd570:   00000216ef3baab0 0000000000000000
0x000000976d6fd580:   0000000000000000 0000000000000000
0x000000976d6fd590:   0000000000000000 0000000000000000
0x000000976d6fd5a0:   0000000000000000 00007fff7032e45c
0x000000976d6fd5b0:   0000000000000000 0000000000000000
0x000000976d6fd5c0:   0000000000000000 00007fff7032e45c
0x000000976d6fd5d0:   0000000000000000 0000000000000000
0x000000976d6fd5e0:   00000216fa615520 00000216801ddca0
0x000000976d6fd5f0:   00000216801e58c0 00000216801e5c88
0x000000976d6fd600:   0000000000040298 0000000000000000
0x000000976d6fd610:   0000000000000000 0000000000000000
0x000000976d6fd620:   0000000000000000 0000000000000000
0x000000976d6fd630:   0000000000000000 0000000000000000
0x000000976d6fd640:   0000000000000000 0000000000000000
0x000000976d6fd650:   0000000000000000 0000000000000000
0x000000976d6fd660:   0000000000000000 00007fff7034cab8
0x000000976d6fd670:   0000000000000000 0000000000000000
0x000000976d6fd680:   0000000000000000 0000000000000000
0x000000976d6fd690:   00007fff7036edb8 0000000000000001
0x000000976d6fd6a0:   000000976d6fe1b0 000000976d6fef70 

Instructions: (pc=0x00007fff6fc3d65b)
0x00007fff6fc3d55b:   e8 04 a8 01 75 7b 48 83 b9 10 03 00 00 00 74 71
0x00007fff6fc3d56b:   41 8b 50 28 e8 bc e7 f7 ff 48 8b f0 48 85 c0 74
0x00007fff6fc3d57b:   60 48 83 38 00 74 5a 8b 53 28 48 8b cf e8 a3 e7
0x00007fff6fc3d58b:   f7 ff 48 85 c0 74 2d 48 8b 00 48 85 c0 74 25 8b
0x00007fff6fc3d59b:   53 28 4c 8d 44 24 40 48 8b cf 48 89 44 24 40 e8
0x00007fff6fc3d5ab:   01 74 00 00 48 8b 5c 24 30 48 8b 74 24 38 48 83
0x00007fff6fc3d5bb:   c4 20 5f c3 8b 53 28 4c 8b c6 48 8b cf 48 8b 5c
0x00007fff6fc3d5cb:   24 30 48 8b 74 24 38 48 83 c4 20 5f e9 d4 73 00
0x00007fff6fc3d5db:   00 48 8b 5c 24 30 32 c0 48 8b 74 24 38 48 83 c4
0x00007fff6fc3d5eb:   20 5f c3 cc cc 48 89 5c 24 10 48 89 6c 24 18 56
0x00007fff6fc3d5fb:   57 41 55 41 56 41 57 48 83 ec 20 33 ed 4c 89 64
0x00007fff6fc3d60b:   24 50 4d 8b e8 48 8b fa 48 8b d9 44 8b e5 39 6a
0x00007fff6fc3d61b:   18 0f 86 04 01 00 00 48 8b 47 10 41 8b cc 41 ff
0x00007fff6fc3d62b:   c4 48 8b 34 c8 8b 46 2c 83 e0 03 3c 03 75 09 48
0x00007fff6fc3d63b:   8d 4e 48 e8 2d d3 4d 00 44 8b 4e 20 44 8b c5 45
0x00007fff6fc3d64b:   85 c9 7e 4d 90 4c 8b 56 10 41 8b c0 4d 8d 1c c2
0x00007fff6fc3d65b:   49 8b 04 c2 8b 48 28 8b c1 c1 e8 05 3b 47 20 73
0x00007fff6fc3d66b:   11 8b d0 83 e1 1f 48 8b 47 28 8b 04 90 0f a3 c8
0x00007fff6fc3d67b:   72 13 ff 4e 20 41 ff c8 8b 46 20 41 ff c9 49 8b
0x00007fff6fc3d68b:   04 c2 49 89 03 41 ff c0 45 3b c1 7c b8 44 8b 4e
0x00007fff6fc3d69b:   20 41 83 f9 01 75 7a 48 8b ce e8 76 6c 46 00 84
0x00007fff6fc3d6ab:   c0 74 6e 48 8b 46 10 4c 8b 38 45 8b 77 28 41 8b
0x00007fff6fc3d6bb:   f6 c1 ee 05 41 3b 75 20 72 0b 8b d6 49 8d 4d 20
0x00007fff6fc3d6cb:   e8 b0 0c 60 00 49 8b 45 28 41 83 e6 1f 48 8d 14
0x00007fff6fc3d6db:   b0 41 0f b6 ce 41 b8 01 00 00 00 41 d3 e0 8b 0a
0x00007fff6fc3d6eb:   8b c1 41 0b c0 89 02 41 85 c8 75 23 41 8b 75 18
0x00007fff6fc3d6fb:   8d 46 01 41 89 45 18 41 3b 75 08 72 0a 8b d6 49
0x00007fff6fc3d70b:   8b cd e8 1e 6a 46 00 49 8b 45 10 4c 89 3c f0 33
0x00007fff6fc3d71b:   ed 44 3b 67 18 0f 82 fc fe ff ff 44 8b 83 a0 01
0x00007fff6fc3d72b:   00 00 41 83 e8 01 4d 63 c8 78 5a 66 66 0f 1f 84
0x00007fff6fc3d73b:   00 00 00 00 00 4c 8b 93 a8 01 00 00 4b 8b 04 ca
0x00007fff6fc3d74b:   8b 48 28 8b c1 c1 e8 05 3b 47 20 73 11 8b d0 83 


Stack slot to memory mapping:

stack at sp + 0 slots: 0x000000976d6fe1b0 is pointing into the stack for thread: 0x00000216f878dc90
stack at sp + 1 slots: 0x0000021680728ae0 points into unknown readable memory: 0x00007fff70327d80 | 80 7d 32 70 ff 7f 00 00
stack at sp + 2 slots: 0x000000976d6fe1b0 is pointing into the stack for thread: 0x00000216f878dc90
stack at sp + 3 slots: 0x0000000000004f90 is an unknown value
stack at sp + 4 slots: 0x0 is null
stack at sp + 5 slots: 0x000000976d6fe050 is pointing into the stack for thread: 0x00000216f878dc90
stack at sp + 6 slots: 0x00000216ef2e4420 points into unknown readable memory: 0x0000000000000000 | 00 00 00 00 00 00 00 00
stack at sp + 7 slots: 0x000000976d6fd6f0 is pointing into the stack for thread: 0x00000216f878dc90


---------------  P R O C E S S  ---------------

Threads class SMR info:
_java_thread_list=0x00000216fa662cd0, length=59, elements={
0x00000216d75df270, 0x00000216ef33cb50, 0x00000216ef3695f0, 0x00000216ef36abc0,
0x00000216ef376a50, 0x00000216ef34a120, 0x00000216ef37f9a0, 0x00000216ef380140,
0x00000216ef34ed20, 0x00000216ef3834e0, 0x00000216ef795330, 0x00000216f490c9d0,
0x00000216f5064a10, 0x00000216f52d3980, 0x00000216f4e44ba0, 0x00000216f53903b0,
0x00000216ef6bac00, 0x00000216f50ded30, 0x00000216f5827310, 0x00000216f5825f60,
0x00000216f58265f0, 0x00000216f5828030, 0x00000216f5825240, 0x00000216f58279a0,
0x00000216f8162680, 0x00000216f8162d10, 0x00000216f8163a30, 0x00000216f81605b0,
0x00000216f81633a0, 0x00000216f8161ff0, 0x00000216f8161960, 0x00000216f8a30a70,
0x00000216f8a32b40, 0x00000216f8a31790, 0x00000216f8a2fd50, 0x00000216f8a2f6c0,
0x00000216f8a303e0, 0x00000216f8a31100, 0x00000216f8a324b0, 0x00000216f8a33860,
0x00000216f8a34c10, 0x00000216f8a352a0, 0x00000216f8a34580, 0x00000216f8a31e20,
0x00000216f8a35930, 0x00000216f8a33ef0, 0x00000216f8a35fc0, 0x00000216f8a36650,
0x00000216f8a36ce0, 0x00000216f7f27650, 0x00000216f7f25580, 0x00000216f7f24ef0,
0x00000216f7f26fc0, 0x00000216f7f26930, 0x00000216f7f24860, 0x00000216f7f25c10,
0x00000216f7f29720, 0x00000216f985f3d0, 0x00000216f878dc90
}

Java Threads: ( => current thread )
  0x00000216d75df270 JavaThread "main"                              [_thread_blocked, id=18828, stack(0x000000976b000000,0x000000976b100000) (1024K)]
  0x00000216ef33cb50 JavaThread "Common-Cleaner"             daemon [_thread_blocked, id=24016, stack(0x000000976b900000,0x000000976ba00000) (1024K)]
  0x00000216ef3695f0 JavaThread "Reference Handler"          daemon [_thread_blocked, id=19472, stack(0x000000976ba00000,0x000000976bb00000) (1024K)]
  0x00000216ef36abc0 JavaThread "Finalizer"                  daemon [_thread_blocked, id=21484, stack(0x000000976bb00000,0x000000976bc00000) (1024K)]
  0x00000216ef376a50 JavaThread "Signal Dispatcher"          daemon [_thread_blocked, id=28800, stack(0x000000976bc00000,0x000000976bd00000) (1024K)]
  0x00000216ef34a120 JavaThread "Attach Listener"            daemon [_thread_blocked, id=16248, stack(0x000000976bd00000,0x000000976be00000) (1024K)]
  0x00000216ef37f9a0 JavaThread "Service Thread"             daemon [_thread_blocked, id=9892, stack(0x000000976be00000,0x000000976bf00000) (1024K)]
  0x00000216ef380140 JavaThread "Monitor Deflation Thread"   daemon [_thread_blocked, id=13036, stack(0x000000976bf00000,0x000000976c000000) (1024K)]
  0x00000216ef34ed20 JavaThread "C2 CompilerThread0"         daemon [_thread_in_native, id=10436, stack(0x000000976c000000,0x000000976c100000) (1024K)]
  0x00000216ef3834e0 JavaThread "C1 CompilerThread0"         daemon [_thread_blocked, id=12752, stack(0x000000976c100000,0x000000976c200000) (1024K)]
  0x00000216ef795330 JavaThread "Notification Thread"        daemon [_thread_blocked, id=22768, stack(0x000000976c200000,0x000000976c300000) (1024K)]
  0x00000216f490c9d0 JavaThread "Daemon health stats"               [_thread_blocked, id=20864, stack(0x000000976cd00000,0x000000976ce00000) (1024K)]
  0x00000216f5064a10 JavaThread "Incoming local TCP Connector on port 51091"        [_thread_in_native, id=13080, stack(0x000000976ce00000,0x000000976cf00000) (1024K)]
  0x00000216f52d3980 JavaThread "Daemon periodic checks"            [_thread_blocked, id=26968, stack(0x000000976cf00000,0x000000976d000000) (1024K)]
  0x00000216f4e44ba0 JavaThread "Daemon"                            [_thread_blocked, id=24676, stack(0x000000976d000000,0x000000976d100000) (1024K)]
  0x00000216f53903b0 JavaThread "Handler for socket connection from /127.0.0.1:51091 to /127.0.0.1:51092"        [_thread_blocked, id=3440, stack(0x000000976d100000,0x000000976d200000) (1024K)]
  0x00000216ef6bac00 JavaThread "Cancel handler"                    [_thread_blocked, id=23832, stack(0x000000976d400000,0x000000976d500000) (1024K)]
  0x00000216f50ded30 JavaThread "Daemon worker"                     [_thread_in_native, id=1832, stack(0x000000976d500000,0x000000976d600000) (1024K)]
  0x00000216f5827310 JavaThread "Stdin handler"                     [_thread_blocked, id=24180, stack(0x000000976d700000,0x000000976d800000) (1024K)]
  0x00000216f5825f60 JavaThread "Daemon client event forwarder"        [_thread_blocked, id=22464, stack(0x000000976d800000,0x000000976d900000) (1024K)]
  0x00000216f58265f0 JavaThread "Cache worker for journal cache (C:\Users\Jucelian\.gradle\caches\journal-1)"        [_thread_blocked, id=22220, stack(0x000000976d900000,0x000000976da00000) (1024K)]
  0x00000216f5828030 JavaThread "File lock request listener"        [_thread_in_native, id=27936, stack(0x000000976db00000,0x000000976dc00000) (1024K)]
  0x00000216f5825240 JavaThread "Cache worker for file hash cache (C:\Users\Jucelian\.gradle\caches\9.4.1\fileHashes)"        [_thread_blocked, id=24936, stack(0x000000976dc00000,0x000000976dd00000) (1024K)]
  0x00000216f58279a0 JavaThread "File lock release action executor"        [_thread_blocked, id=30548, stack(0x000000976de00000,0x000000976df00000) (1024K)]
  0x00000216f8162680 JavaThread "Cache worker for file hash cache (C:\Users\Jucelian\Desktop\MyRecipe\.gradle\9.4.1\fileHashes)"        [_thread_blocked, id=25804, stack(0x000000976dd00000,0x000000976de00000) (1024K)]
  0x00000216f8162d10 JavaThread "Cache worker for Build Output Cleanup Cache (C:\Users\Jucelian\Desktop\MyRecipe\.gradle\buildOutputCleanup)"        [_thread_blocked, id=20800, stack(0x000000976df00000,0x000000976e000000) (1024K)]
  0x00000216f8163a30 JavaThread "File watcher server"        daemon [_thread_in_native, id=15992, stack(0x000000976e000000,0x000000976e100000) (1024K)]
  0x00000216f81605b0 JavaThread "File watcher consumer"      daemon [_thread_blocked, id=25468, stack(0x000000976e100000,0x000000976e200000) (1024K)]
  0x00000216f81633a0 JavaThread "jar transforms"                    [_thread_blocked, id=22188, stack(0x000000976da00000,0x000000976db00000) (1024K)]
  0x00000216f8161ff0 JavaThread "jar transforms Thread 2"           [_thread_blocked, id=20452, stack(0x000000976e200000,0x000000976e300000) (1024K)]
  0x00000216f8161960 JavaThread "jar transforms Thread 3"           [_thread_blocked, id=18388, stack(0x000000976e300000,0x000000976e400000) (1024K)]
  0x00000216f8a30a70 JavaThread "jar transforms Thread 4"           [_thread_blocked, id=13712, stack(0x000000976e400000,0x000000976e500000) (1024K)]
  0x00000216f8a32b40 JavaThread "jar transforms Thread 5"           [_thread_blocked, id=17688, stack(0x000000976e500000,0x000000976e600000) (1024K)]
  0x00000216f8a31790 JavaThread "jar transforms Thread 6"           [_thread_blocked, id=6328, stack(0x000000976e600000,0x000000976e700000) (1024K)]
  0x00000216f8a2fd50 JavaThread "jar transforms Thread 7"           [_thread_blocked, id=7800, stack(0x000000976e700000,0x000000976e800000) (1024K)]
  0x00000216f8a2f6c0 JavaThread "jar transforms Thread 8"           [_thread_blocked, id=26232, stack(0x000000976e800000,0x000000976e900000) (1024K)]
  0x00000216f8a303e0 JavaThread "jar transforms Thread 9"           [_thread_blocked, id=8924, stack(0x000000976e900000,0x000000976ea00000) (1024K)]
  0x00000216f8a31100 JavaThread "jar transforms Thread 10"          [_thread_blocked, id=21440, stack(0x000000976ea00000,0x000000976eb00000) (1024K)]
  0x00000216f8a324b0 JavaThread "jar transforms Thread 11"          [_thread_blocked, id=28804, stack(0x000000976eb00000,0x000000976ec00000) (1024K)]
  0x00000216f8a33860 JavaThread "jar transforms Thread 12"          [_thread_blocked, id=29272, stack(0x000000976ec00000,0x000000976ed00000) (1024K)]
  0x00000216f8a34c10 JavaThread "Cache worker for file content cache (C:\Users\Jucelian\.gradle\caches\9.4.1\fileContent)"        [_thread_blocked, id=20576, stack(0x000000976ed00000,0x000000976ee00000) (1024K)]
  0x00000216f8a352a0 JavaThread "Cache worker for checksums cache (C:\Users\Jucelian\Desktop\MyRecipe\.gradle\9.4.1\checksums)"        [_thread_blocked, id=1464, stack(0x000000976ee00000,0x000000976ef00000) (1024K)]
  0x00000216f8a34580 JavaThread "Cache worker for cache directory md-supplier (C:\Users\Jucelian\.gradle\caches\9.4.1\md-supplier)"        [_thread_blocked, id=19688, stack(0x000000976ef00000,0x000000976f000000) (1024K)]
  0x00000216f8a31e20 JavaThread "Cache worker for cache directory md-rule (C:\Users\Jucelian\.gradle\caches\9.4.1\md-rule)"        [_thread_blocked, id=13896, stack(0x000000976f000000,0x000000976f100000) (1024K)]
  0x00000216f8a35930 JavaThread "Build operations"                  [_thread_blocked, id=17404, stack(0x000000976f100000,0x000000976f200000) (1024K)]
  0x00000216f8a33ef0 JavaThread "Build operations Thread 2"         [_thread_blocked, id=30400, stack(0x000000976f200000,0x000000976f300000) (1024K)]
  0x00000216f8a35fc0 JavaThread "Build operations Thread 3"         [_thread_blocked, id=26924, stack(0x000000976f300000,0x000000976f400000) (1024K)]
  0x00000216f8a36650 JavaThread "Build operations Thread 4"         [_thread_blocked, id=30612, stack(0x000000976f400000,0x000000976f500000) (1024K)]
  0x00000216f8a36ce0 JavaThread "Build operations Thread 5"         [_thread_blocked, id=10976, stack(0x000000976f600000,0x000000976f700000) (1024K)]
  0x00000216f7f27650 JavaThread "Build operations Thread 6"         [_thread_blocked, id=16944, stack(0x000000976f700000,0x000000976f800000) (1024K)]
  0x00000216f7f25580 JavaThread "Build operations Thread 7"         [_thread_blocked, id=13984, stack(0x000000976f800000,0x000000976f900000) (1024K)]
  0x00000216f7f24ef0 JavaThread "Build operations Thread 8"         [_thread_blocked, id=23084, stack(0x000000976f900000,0x000000976fa00000) (1024K)]
  0x00000216f7f26fc0 JavaThread "Build operations Thread 9"         [_thread_blocked, id=22388, stack(0x000000976fa00000,0x000000976fb00000) (1024K)]
  0x00000216f7f26930 JavaThread "Build operations Thread 10"        [_thread_blocked, id=16988, stack(0x000000976fb00000,0x000000976fc00000) (1024K)]
  0x00000216f7f24860 JavaThread "Build operations Thread 11"        [_thread_blocked, id=1348, stack(0x000000976fc00000,0x000000976fd00000) (1024K)]
  0x00000216f7f25c10 JavaThread "Build operations Thread 12"        [_thread_blocked, id=10336, stack(0x000000976fd00000,0x000000976fe00000) (1024K)]
  0x00000216f7f29720 JavaThread "Memory manager"                    [_thread_blocked, id=25588, stack(0x000000976ff00000,0x0000009770000000) (1024K)]
  0x00000216f985f3d0 JavaThread "C2 CompilerThread1"         daemon [_thread_in_native, id=19992, stack(0x000000976f500000,0x000000976f600000) (1024K)]
=>0x00000216f878dc90 JavaThread "C2 CompilerThread2"         daemon [_thread_in_native, id=30084, stack(0x000000976d600000,0x000000976d700000) (1024K)]
Total: 59

Other Threads:
  0x00000216ef297360 VMThread "VM Thread"                           [id=23596, stack(0x000000976b800000,0x000000976b900000) (1024K)]
  0x00000216ef132290 WatcherThread "VM Periodic Task Thread"        [id=12304, stack(0x000000976b700000,0x000000976b800000) (1024K)]
  0x00000216d51fe060 WorkerThread "GC Thread#0"                     [id=23264, stack(0x000000976b200000,0x000000976b300000) (1024K)]
  0x00000216efe2e290 WorkerThread "GC Thread#1"                     [id=22100, stack(0x000000976c300000,0x000000976c400000) (1024K)]
  0x00000216f4428a90 WorkerThread "GC Thread#2"                     [id=20976, stack(0x000000976c400000,0x000000976c500000) (1024K)]
  0x00000216f4428e40 WorkerThread "GC Thread#3"                     [id=22268, stack(0x000000976c500000,0x000000976c600000) (1024K)]
  0x00000216f40380f0 WorkerThread "GC Thread#4"                     [id=12736, stack(0x000000976c600000,0x000000976c700000) (1024K)]
  0x00000216f40384a0 WorkerThread "GC Thread#5"                     [id=27864, stack(0x000000976c700000,0x000000976c800000) (1024K)]
  0x00000216f4038850 WorkerThread "GC Thread#6"                     [id=16412, stack(0x000000976c800000,0x000000976c900000) (1024K)]
  0x00000216f4038c00 WorkerThread "GC Thread#7"                     [id=1036, stack(0x000000976c900000,0x000000976ca00000) (1024K)]
  0x00000216f4038fb0 WorkerThread "GC Thread#8"                     [id=1040, stack(0x000000976ca00000,0x000000976cb00000) (1024K)]
  0x00000216efbef5f0 WorkerThread "GC Thread#9"                     [id=7728, stack(0x000000976cb00000,0x000000976cc00000) (1024K)]
  0x00000216d7645900 ConcurrentGCThread "G1 Main Marker"            [id=14436, stack(0x000000976b300000,0x000000976b400000) (1024K)]
  0x00000216d7646320 WorkerThread "G1 Conc#0"                       [id=18268, stack(0x000000976b400000,0x000000976b500000) (1024K)]
  0x00000216f47fe250 WorkerThread "G1 Conc#1"                       [id=4660, stack(0x000000976d200000,0x000000976d300000) (1024K)]
  0x00000216f47fe9b0 WorkerThread "G1 Conc#2"                       [id=28428, stack(0x000000976d300000,0x000000976d400000) (1024K)]
  0x00000216ef11a460 ConcurrentGCThread "G1 Refine#0"               [id=1084, stack(0x000000976b500000,0x000000976b600000) (1024K)]
  0x00000216ef11c3d0 ConcurrentGCThread "G1 Service"                [id=29736, stack(0x000000976b600000,0x000000976b700000) (1024K)]
Total: 18

Threads with active compile tasks:
C2 CompilerThread0  48479 11163   !   4       java.net.URLClassLoader$1::run (81 bytes)
C2 CompilerThread1  48479 11161   !   4       java.net.URLClassLoader::findClass (47 bytes)
C2 CompilerThread2  48479 11162       4       java.net.URLClassLoader$1::run (5 bytes)
Total: 3

VM state: not at safepoint (normal execution)

VM Mutex/Monitor currently owned by a thread: None

Heap address: 0x0000000080000000, size: 2048 MB, Compressed Oops mode: 32-bit

CDS archive(s) not mapped
Compressed class space mapped at: 0x0000000100000000-0x0000000140000000, reserved size: 1073741824
Narrow klass base: 0x0000000000000000, Narrow klass shift: 3, Narrow klass range: 0x140000000

GC Precious Log:
 CardTable entry size: 512
 Card Set container configuration: InlinePtr #cards 5 size 8 Array Of Cards #cards 12 size 40 Howl #buckets 4 coarsen threshold 1843 Howl Bitmap #cards 512 size 80 coarsen threshold 460 Card regions per heap region 1 cards per card region 2048
 CPUs: 12 total, 12 available
 Memory: 32661M
 Large Page Support: Disabled
 NUMA Support: Disabled
 Compressed Oops: Enabled (32-bit)
 Heap Region Size: 1M
 Heap Min Capacity: 8M
 Heap Initial Capacity: 512M
 Heap Max Capacity: 2G
 Pre-touch: Disabled
 Parallel Workers: 10
 Concurrent Workers: 3
 Concurrent Refinement Workers: 10
 Periodic GC: Disabled

Heap:
 garbage-first heap   total 280576K, used 203485K [0x0000000080000000, 0x0000000100000000)
  region size 1024K, 102 young (104448K), 13 survivors (13312K)
 Metaspace       used 104171K, committed 106432K, reserved 1179648K
  class space    used 14690K, committed 15808K, reserved 1048576K

Heap Regions: E=young(eden), S=young(survivor), O=old, HS=humongous(starts), HC=humongous(continues), CS=collection set, F=free, TAMS=top-at-mark-start, PB=parsable bottom
|   0|0x0000000080000000, 0x0000000080100000, 0x0000000080100000|100%|HS|  |TAMS 0x0000000080000000| PB 0x0000000080000000| Complete 
|   1|0x0000000080100000, 0x0000000080200000, 0x0000000080200000|100%|HC|  |TAMS 0x0000000080100000| PB 0x0000000080100000| Complete 
|   2|0x0000000080200000, 0x0000000080300000, 0x0000000080300000|100%|HC|  |TAMS 0x0000000080200000| PB 0x0000000080200000| Complete 
|   3|0x0000000080300000, 0x0000000080400000, 0x0000000080400000|100%|HC|  |TAMS 0x0000000080300000| PB 0x0000000080300000| Complete 
|   4|0x0000000080400000, 0x0000000080500000, 0x0000000080500000|100%| O|  |TAMS 0x0000000080400000| PB 0x0000000080400000| Untracked 
|   5|0x0000000080500000, 0x0000000080600000, 0x0000000080600000|100%| O|  |TAMS 0x0000000080500000| PB 0x0000000080500000| Untracked 
|   6|0x0000000080600000, 0x0000000080700000, 0x0000000080700000|100%| O|  |TAMS 0x0000000080600000| PB 0x0000000080600000| Untracked 
|   7|0x0000000080700000, 0x0000000080800000, 0x0000000080800000|100%| O|  |TAMS 0x0000000080700000| PB 0x0000000080700000| Untracked 
|   8|0x0000000080800000, 0x0000000080900000, 0x0000000080900000|100%| O|  |TAMS 0x0000000080800000| PB 0x0000000080800000| Untracked 
|   9|0x0000000080900000, 0x0000000080a00000, 0x0000000080a00000|100%| O|  |TAMS 0x0000000080900000| PB 0x0000000080900000| Untracked 
|  10|0x0000000080a00000, 0x0000000080b00000, 0x0000000080b00000|100%| O|  |TAMS 0x0000000080a00000| PB 0x0000000080a00000| Untracked 
|  11|0x0000000080b00000, 0x0000000080c00000, 0x0000000080c00000|100%|HS|  |TAMS 0x0000000080b00000| PB 0x0000000080b00000| Complete 
|  12|0x0000000080c00000, 0x0000000080d00000, 0x0000000080d00000|100%| O|  |TAMS 0x0000000080c00000| PB 0x0000000080c00000| Untracked 
|  13|0x0000000080d00000, 0x0000000080e00000, 0x0000000080e00000|100%| O|  |TAMS 0x0000000080d00000| PB 0x0000000080d00000| Untracked 
|  14|0x0000000080e00000, 0x0000000080f00000, 0x0000000080f00000|100%| O|  |TAMS 0x0000000080e00000| PB 0x0000000080e00000| Untracked 
|  15|0x0000000080f00000, 0x0000000081000000, 0x0000000081000000|100%|HS|  |TAMS 0x0000000080f00000| PB 0x0000000080f00000| Complete 
|  16|0x0000000081000000, 0x0000000081100000, 0x0000000081100000|100%|HC|  |TAMS 0x0000000081000000| PB 0x0000000081000000| Complete 
|  17|0x0000000081100000, 0x0000000081200000, 0x0000000081200000|100%|HC|  |TAMS 0x0000000081100000| PB 0x0000000081100000| Complete 
|  18|0x0000000081200000, 0x0000000081300000, 0x0000000081300000|100%|HC|  |TAMS 0x0000000081200000| PB 0x0000000081200000| Complete 
|  19|0x0000000081300000, 0x0000000081400000, 0x0000000081400000|100%|HC|  |TAMS 0x0000000081300000| PB 0x0000000081300000| Complete 
|  20|0x0000000081400000, 0x0000000081500000, 0x0000000081500000|100%|HC|  |TAMS 0x0000000081400000| PB 0x0000000081400000| Complete 
|  21|0x0000000081500000, 0x0000000081600000, 0x0000000081600000|100%|HS|  |TAMS 0x0000000081500000| PB 0x0000000081500000| Complete 
|  22|0x0000000081600000, 0x0000000081700000, 0x0000000081700000|100%|HS|  |TAMS 0x0000000081600000| PB 0x0000000081600000| Complete 
|  23|0x0000000081700000, 0x0000000081800000, 0x0000000081800000|100%|HS|  |TAMS 0x0000000081700000| PB 0x0000000081700000| Complete 
|  24|0x0000000081800000, 0x0000000081900000, 0x0000000081900000|100%|HC|  |TAMS 0x0000000081800000| PB 0x0000000081800000| Complete 
|  25|0x0000000081900000, 0x0000000081a00000, 0x0000000081a00000|100%|HC|  |TAMS 0x0000000081900000| PB 0x0000000081900000| Complete 
|  26|0x0000000081a00000, 0x0000000081b00000, 0x0000000081b00000|100%|HC|  |TAMS 0x0000000081a00000| PB 0x0000000081a00000| Complete 
|  27|0x0000000081b00000, 0x0000000081c00000, 0x0000000081c00000|100%|HC|  |TAMS 0x0000000081b00000| PB 0x0000000081b00000| Complete 
|  28|0x0000000081c00000, 0x0000000081d00000, 0x0000000081d00000|100%|HC|  |TAMS 0x0000000081c00000| PB 0x0000000081c00000| Complete 
|  29|0x0000000081d00000, 0x0000000081e00000, 0x0000000081e00000|100%|HS|  |TAMS 0x0000000081d00000| PB 0x0000000081d00000| Complete 
|  30|0x0000000081e00000, 0x0000000081f00000, 0x0000000081f00000|100%|HS|  |TAMS 0x0000000081e00000| PB 0x0000000081e00000| Complete 
|  31|0x0000000081f00000, 0x0000000082000000, 0x0000000082000000|100%| O|  |TAMS 0x0000000081f00000| PB 0x0000000081f00000| Untracked 
|  32|0x0000000082000000, 0x0000000082100000, 0x0000000082100000|100%| O|Cm|TAMS 0x0000000082000000| PB 0x0000000082000000| Complete 
|  33|0x0000000082100000, 0x0000000082200000, 0x0000000082200000|100%| O|  |TAMS 0x0000000082100000| PB 0x0000000082100000| Untracked 
|  34|0x0000000082200000, 0x0000000082300000, 0x0000000082300000|100%| O|  |TAMS 0x0000000082200000| PB 0x0000000082200000| Untracked 
|  35|0x0000000082300000, 0x0000000082400000, 0x0000000082400000|100%| O|  |TAMS 0x0000000082300000| PB 0x0000000082300000| Untracked 
|  36|0x0000000082400000, 0x0000000082500000, 0x0000000082500000|100%| O|  |TAMS 0x0000000082400000| PB 0x0000000082400000| Untracked 
|  37|0x0000000082500000, 0x0000000082600000, 0x0000000082600000|100%| O|  |TAMS 0x0000000082500000| PB 0x0000000082500000| Untracked 
|  38|0x0000000082600000, 0x0000000082700000, 0x0000000082700000|100%| O|  |TAMS 0x0000000082600000| PB 0x0000000082600000| Untracked 
|  39|0x0000000082700000, 0x0000000082800000, 0x0000000082800000|100%| O|  |TAMS 0x0000000082700000| PB 0x0000000082700000| Untracked 
|  40|0x0000000082800000, 0x0000000082900000, 0x0000000082900000|100%| O|  |TAMS 0x0000000082800000| PB 0x0000000082800000| Untracked 
|  41|0x0000000082900000, 0x0000000082a00000, 0x0000000082a00000|100%| O|  |TAMS 0x0000000082900000| PB 0x0000000082900000| Untracked 
|  42|0x0000000082a00000, 0x0000000082b00000, 0x0000000082b00000|100%| O|  |TAMS 0x0000000082a00000| PB 0x0000000082a00000| Untracked 
|  43|0x0000000082b00000, 0x0000000082c00000, 0x0000000082c00000|100%| O|  |TAMS 0x0000000082b00000| PB 0x0000000082b00000| Untracked 
|  44|0x0000000082c00000, 0x0000000082d00000, 0x0000000082d00000|100%| O|  |TAMS 0x0000000082c00000| PB 0x0000000082c00000| Untracked 
|  45|0x0000000082d00000, 0x0000000082e00000, 0x0000000082e00000|100%| O|  |TAMS 0x0000000082d00000| PB 0x0000000082d00000| Untracked 
|  46|0x0000000082e00000, 0x0000000082f00000, 0x0000000082f00000|100%| O|  |TAMS 0x0000000082e00000| PB 0x0000000082e00000| Untracked 
|  47|0x0000000082f00000, 0x0000000083000000, 0x0000000083000000|100%| O|  |TAMS 0x0000000082f00000| PB 0x0000000082f00000| Untracked 
|  48|0x0000000083000000, 0x0000000083100000, 0x0000000083100000|100%| O|  |TAMS 0x0000000083000000| PB 0x0000000083000000| Untracked 
|  49|0x0000000083100000, 0x0000000083200000, 0x0000000083200000|100%| O|  |TAMS 0x0000000083100000| PB 0x0000000083100000| Untracked 
|  50|0x0000000083200000, 0x0000000083300000, 0x0000000083300000|100%| O|  |TAMS 0x0000000083200000| PB 0x0000000083200000| Untracked 
|  51|0x0000000083300000, 0x0000000083400000, 0x0000000083400000|100%| O|  |TAMS 0x0000000083300000| PB 0x0000000083300000| Untracked 
|  52|0x0000000083400000, 0x0000000083500000, 0x0000000083500000|100%| O|  |TAMS 0x0000000083400000| PB 0x0000000083400000| Untracked 
|  53|0x0000000083500000, 0x0000000083600000, 0x0000000083600000|100%| O|  |TAMS 0x0000000083500000| PB 0x0000000083500000| Untracked 
|  54|0x0000000083600000, 0x0000000083700000, 0x0000000083700000|100%| O|  |TAMS 0x0000000083600000| PB 0x0000000083600000| Untracked 
|  55|0x0000000083700000, 0x00000000837da268, 0x0000000083800000| 85%| O|Cm|TAMS 0x0000000083700000| PB 0x0000000083700000| Complete 
|  56|0x0000000083800000, 0x0000000083900000, 0x0000000083900000|100%|HS|  |TAMS 0x0000000083800000| PB 0x0000000083800000| Complete 
|  57|0x0000000083900000, 0x0000000083a00000, 0x0000000083a00000|100%|HS|  |TAMS 0x0000000083900000| PB 0x0000000083900000| Complete 
|  58|0x0000000083a00000, 0x0000000083b00000, 0x0000000083b00000|100%|HS|  |TAMS 0x0000000083a00000| PB 0x0000000083a00000| Complete 
|  59|0x0000000083b00000, 0x0000000083c00000, 0x0000000083c00000|100%|HC|  |TAMS 0x0000000083b00000| PB 0x0000000083b00000| Complete 
|  60|0x0000000083c00000, 0x0000000083d00000, 0x0000000083d00000|100%|HS|  |TAMS 0x0000000083c00000| PB 0x0000000083c00000| Complete 
|  61|0x0000000083d00000, 0x0000000083e00000, 0x0000000083e00000|100%|HC|  |TAMS 0x0000000083d00000| PB 0x0000000083d00000| Complete 
|  62|0x0000000083e00000, 0x0000000083f00000, 0x0000000083f00000|100%|HS|  |TAMS 0x0000000083e00000| PB 0x0000000083e00000| Complete 
|  63|0x0000000083f00000, 0x0000000084000000, 0x0000000084000000|100%|HS|  |TAMS 0x0000000083f00000| PB 0x0000000083f00000| Complete 
|  64|0x0000000084000000, 0x0000000084100000, 0x0000000084100000|100%|HS|  |TAMS 0x0000000084000000| PB 0x0000000084000000| Complete 
|  65|0x0000000084100000, 0x0000000084200000, 0x0000000084200000|100%|HS|  |TAMS 0x0000000084100000| PB 0x0000000084100000| Complete 
|  66|0x0000000084200000, 0x0000000084200000, 0x0000000084300000|  0%| F|  |TAMS 0x0000000084200000| PB 0x0000000084200000| Untracked 
|  67|0x0000000084300000, 0x0000000084300000, 0x0000000084400000|  0%| F|  |TAMS 0x0000000084300000| PB 0x0000000084300000| Untracked 
|  68|0x0000000084400000, 0x0000000084400000, 0x0000000084500000|  0%| F|  |TAMS 0x0000000084400000| PB 0x0000000084400000| Untracked 
|  69|0x0000000084500000, 0x0000000084500000, 0x0000000084600000|  0%| F|  |TAMS 0x0000000084500000| PB 0x0000000084500000| Untracked 
|  70|0x0000000084600000, 0x0000000084700000, 0x0000000084700000|100%|HS|  |TAMS 0x0000000084600000| PB 0x0000000084600000| Complete 
|  71|0x0000000084700000, 0x0000000084800000, 0x0000000084800000|100%| O|  |TAMS 0x0000000084700000| PB 0x0000000084700000| Untracked 
|  72|0x0000000084800000, 0x0000000084900000, 0x0000000084900000|100%| O|  |TAMS 0x0000000084800000| PB 0x0000000084800000| Untracked 
|  73|0x0000000084900000, 0x0000000084a00000, 0x0000000084a00000|100%| O|  |TAMS 0x0000000084900000| PB 0x0000000084900000| Untracked 
|  74|0x0000000084a00000, 0x0000000084b00000, 0x0000000084b00000|100%| O|  |TAMS 0x0000000084a00000| PB 0x0000000084a00000| Untracked 
|  75|0x0000000084b00000, 0x0000000084c00000, 0x0000000084c00000|100%| O|  |TAMS 0x0000000084b00000| PB 0x0000000084b00000| Untracked 
|  76|0x0000000084c00000, 0x0000000084c00000, 0x0000000084d00000|  0%| F|  |TAMS 0x0000000084c00000| PB 0x0000000084c00000| Untracked 
|  77|0x0000000084d00000, 0x0000000084d00000, 0x0000000084e00000|  0%| F|  |TAMS 0x0000000084d00000| PB 0x0000000084d00000| Untracked 
|  78|0x0000000084e00000, 0x0000000084e00000, 0x0000000084f00000|  0%| F|  |TAMS 0x0000000084e00000| PB 0x0000000084e00000| Untracked 
|  79|0x0000000084f00000, 0x0000000084f00000, 0x0000000085000000|  0%| F|  |TAMS 0x0000000084f00000| PB 0x0000000084f00000| Untracked 
|  80|0x0000000085000000, 0x0000000085000000, 0x0000000085100000|  0%| F|  |TAMS 0x0000000085000000| PB 0x0000000085000000| Untracked 
|  81|0x0000000085100000, 0x0000000085100000, 0x0000000085200000|  0%| F|  |TAMS 0x0000000085100000| PB 0x0000000085100000| Untracked 
|  82|0x0000000085200000, 0x0000000085200000, 0x0000000085300000|  0%| F|  |TAMS 0x0000000085200000| PB 0x0000000085200000| Untracked 
|  83|0x0000000085300000, 0x0000000085300000, 0x0000000085400000|  0%| F|  |TAMS 0x0000000085300000| PB 0x0000000085300000| Untracked 
|  84|0x0000000085400000, 0x0000000085400000, 0x0000000085500000|  0%| F|  |TAMS 0x0000000085400000| PB 0x0000000085400000| Untracked 
|  85|0x0000000085500000, 0x0000000085500000, 0x0000000085600000|  0%| F|  |TAMS 0x0000000085500000| PB 0x0000000085500000| Untracked 
|  86|0x0000000085600000, 0x0000000085600000, 0x0000000085700000|  0%| F|  |TAMS 0x0000000085600000| PB 0x0000000085600000| Untracked 
|  87|0x0000000085700000, 0x0000000085700000, 0x0000000085800000|  0%| F|  |TAMS 0x0000000085700000| PB 0x0000000085700000| Untracked 
|  88|0x0000000085800000, 0x0000000085800000, 0x0000000085900000|  0%| F|  |TAMS 0x0000000085800000| PB 0x0000000085800000| Untracked 
|  89|0x0000000085900000, 0x0000000085900000, 0x0000000085a00000|  0%| F|  |TAMS 0x0000000085900000| PB 0x0000000085900000| Untracked 
|  90|0x0000000085a00000, 0x0000000085a00000, 0x0000000085b00000|  0%| F|  |TAMS 0x0000000085a00000| PB 0x0000000085a00000| Untracked 
|  91|0x0000000085b00000, 0x0000000085b00000, 0x0000000085c00000|  0%| F|  |TAMS 0x0000000085b00000| PB 0x0000000085b00000| Untracked 
|  92|0x0000000085c00000, 0x0000000085c00000, 0x0000000085d00000|  0%| F|  |TAMS 0x0000000085c00000| PB 0x0000000085c00000| Untracked 
|  93|0x0000000085d00000, 0x0000000085e00000, 0x0000000085e00000|100%| S|CS|TAMS 0x0000000085d00000| PB 0x0000000085d00000| Complete 
|  94|0x0000000085e00000, 0x0000000085f00000, 0x0000000085f00000|100%| S|CS|TAMS 0x0000000085e00000| PB 0x0000000085e00000| Complete 
|  95|0x0000000085f00000, 0x0000000086000000, 0x0000000086000000|100%| S|CS|TAMS 0x0000000085f00000| PB 0x0000000085f00000| Complete 
|  96|0x0000000086000000, 0x0000000086100000, 0x0000000086100000|100%| O|  |TAMS 0x0000000086000000| PB 0x0000000086000000| Untracked 
|  97|0x0000000086100000, 0x0000000086200000, 0x0000000086200000|100%| O|  |TAMS 0x0000000086100000| PB 0x0000000086100000| Untracked 
|  98|0x0000000086200000, 0x0000000086300000, 0x0000000086300000|100%| O|Cm|TAMS 0x0000000086200000| PB 0x0000000086200000| Complete 
|  99|0x0000000086300000, 0x0000000086400000, 0x0000000086400000|100%| O|  |TAMS 0x0000000086300000| PB 0x0000000086300000| Untracked 
| 100|0x0000000086400000, 0x0000000086500000, 0x0000000086500000|100%| O|  |TAMS 0x0000000086400000| PB 0x0000000086400000| Untracked 
| 101|0x0000000086500000, 0x0000000086600000, 0x0000000086600000|100%| O|  |TAMS 0x0000000086500000| PB 0x0000000086500000| Untracked 
| 102|0x0000000086600000, 0x0000000086700000, 0x0000000086700000|100%| O|  |TAMS 0x0000000086600000| PB 0x0000000086600000| Untracked 
| 103|0x0000000086700000, 0x0000000086800000, 0x0000000086800000|100%| O|  |TAMS 0x0000000086700000| PB 0x0000000086700000| Untracked 
| 104|0x0000000086800000, 0x0000000086900000, 0x0000000086900000|100%| O|  |TAMS 0x0000000086800000| PB 0x0000000086800000| Untracked 
| 105|0x0000000086900000, 0x0000000086a00000, 0x0000000086a00000|100%| O|  |TAMS 0x0000000086900000| PB 0x0000000086900000| Untracked 
| 106|0x0000000086a00000, 0x0000000086b00000, 0x0000000086b00000|100%| O|  |TAMS 0x0000000086a00000| PB 0x0000000086a00000| Untracked 
| 107|0x0000000086b00000, 0x0000000086c00000, 0x0000000086c00000|100%| O|  |TAMS 0x0000000086b00000| PB 0x0000000086b00000| Untracked 
| 108|0x0000000086c00000, 0x0000000086cdd2d8, 0x0000000086d00000| 86%| O|  |TAMS 0x0000000086c00000| PB 0x0000000086c00000| Untracked 
| 109|0x0000000086d00000, 0x0000000086e00000, 0x0000000086e00000|100%| S|CS|TAMS 0x0000000086d00000| PB 0x0000000086d00000| Complete 
| 110|0x0000000086e00000, 0x0000000086f00000, 0x0000000086f00000|100%| S|CS|TAMS 0x0000000086e00000| PB 0x0000000086e00000| Complete 
| 111|0x0000000086f00000, 0x0000000087000000, 0x0000000087000000|100%| S|CS|TAMS 0x0000000086f00000| PB 0x0000000086f00000| Complete 
| 112|0x0000000087000000, 0x0000000087100000, 0x0000000087100000|100%| S|CS|TAMS 0x0000000087000000| PB 0x0000000087000000| Complete 
| 113|0x0000000087100000, 0x0000000087200000, 0x0000000087200000|100%| S|CS|TAMS 0x0000000087100000| PB 0x0000000087100000| Complete 
| 114|0x0000000087200000, 0x0000000087200000, 0x0000000087300000|  0%| F|  |TAMS 0x0000000087200000| PB 0x0000000087200000| Untracked 
| 115|0x0000000087300000, 0x0000000087300000, 0x0000000087400000|  0%| F|  |TAMS 0x0000000087300000| PB 0x0000000087300000| Untracked 
| 116|0x0000000087400000, 0x0000000087400000, 0x0000000087500000|  0%| F|  |TAMS 0x0000000087400000| PB 0x0000000087400000| Untracked 
| 117|0x0000000087500000, 0x0000000087500000, 0x0000000087600000|  0%| F|  |TAMS 0x0000000087500000| PB 0x0000000087500000| Untracked 
| 118|0x0000000087600000, 0x0000000087600000, 0x0000000087700000|  0%| F|  |TAMS 0x0000000087600000| PB 0x0000000087600000| Untracked 
| 119|0x0000000087700000, 0x0000000087700000, 0x0000000087800000|  0%| F|  |TAMS 0x0000000087700000| PB 0x0000000087700000| Untracked 
| 120|0x0000000087800000, 0x0000000087800000, 0x0000000087900000|  0%| F|  |TAMS 0x0000000087800000| PB 0x0000000087800000| Untracked 
| 121|0x0000000087900000, 0x0000000087900000, 0x0000000087a00000|  0%| F|  |TAMS 0x0000000087900000| PB 0x0000000087900000| Untracked 
| 122|0x0000000087a00000, 0x0000000087a00000, 0x0000000087b00000|  0%| F|  |TAMS 0x0000000087a00000| PB 0x0000000087a00000| Untracked 
| 123|0x0000000087b00000, 0x0000000087b00000, 0x0000000087c00000|  0%| F|  |TAMS 0x0000000087b00000| PB 0x0000000087b00000| Untracked 
| 124|0x0000000087c00000, 0x0000000087d00000, 0x0000000087d00000|100%| S|CS|TAMS 0x0000000087c00000| PB 0x0000000087c00000| Complete 
| 125|0x0000000087d00000, 0x0000000087e00000, 0x0000000087e00000|100%| S|CS|TAMS 0x0000000087d00000| PB 0x0000000087d00000| Complete 
| 126|0x0000000087e00000, 0x0000000087f00000, 0x0000000087f00000|100%| S|CS|TAMS 0x0000000087e00000| PB 0x0000000087e00000| Complete 
| 127|0x0000000087f00000, 0x0000000088000000, 0x0000000088000000|100%| S|CS|TAMS 0x0000000087f00000| PB 0x0000000087f00000| Complete 
| 128|0x0000000088000000, 0x0000000088100000, 0x0000000088100000|100%| S|CS|TAMS 0x0000000088000000| PB 0x0000000088000000| Complete 
| 129|0x0000000088100000, 0x0000000088100000, 0x0000000088200000|  0%| F|  |TAMS 0x0000000088100000| PB 0x0000000088100000| Untracked 
| 130|0x0000000088200000, 0x0000000088200000, 0x0000000088300000|  0%| F|  |TAMS 0x0000000088200000| PB 0x0000000088200000| Untracked 
| 131|0x0000000088300000, 0x0000000088300000, 0x0000000088400000|  0%| F|  |TAMS 0x0000000088300000| PB 0x0000000088300000| Untracked 
| 132|0x0000000088400000, 0x0000000088400000, 0x0000000088500000|  0%| F|  |TAMS 0x0000000088400000| PB 0x0000000088400000| Untracked 
| 133|0x0000000088500000, 0x0000000088500000, 0x0000000088600000|  0%| F|  |TAMS 0x0000000088500000| PB 0x0000000088500000| Untracked 
| 134|0x0000000088600000, 0x0000000088600000, 0x0000000088700000|  0%| F|  |TAMS 0x0000000088600000| PB 0x0000000088600000| Untracked 
| 135|0x0000000088700000, 0x0000000088700000, 0x0000000088800000|  0%| F|  |TAMS 0x0000000088700000| PB 0x0000000088700000| Untracked 
| 136|0x0000000088800000, 0x0000000088800000, 0x0000000088900000|  0%| F|  |TAMS 0x0000000088800000| PB 0x0000000088800000| Untracked 
| 137|0x0000000088900000, 0x0000000088900000, 0x0000000088a00000|  0%| F|  |TAMS 0x0000000088900000| PB 0x0000000088900000| Untracked 
| 138|0x0000000088a00000, 0x0000000088a00000, 0x0000000088b00000|  0%| F|  |TAMS 0x0000000088a00000| PB 0x0000000088a00000| Untracked 
| 139|0x0000000088b00000, 0x0000000088b00000, 0x0000000088c00000|  0%| F|  |TAMS 0x0000000088b00000| PB 0x0000000088b00000| Untracked 
| 140|0x0000000088c00000, 0x0000000088c00000, 0x0000000088d00000|  0%| F|  |TAMS 0x0000000088c00000| PB 0x0000000088c00000| Untracked 
| 141|0x0000000088d00000, 0x0000000088d00000, 0x0000000088e00000|  0%| F|  |TAMS 0x0000000088d00000| PB 0x0000000088d00000| Untracked 
| 142|0x0000000088e00000, 0x0000000088e00000, 0x0000000088f00000|  0%| F|  |TAMS 0x0000000088e00000| PB 0x0000000088e00000| Untracked 
| 143|0x0000000088f00000, 0x0000000088f00000, 0x0000000089000000|  0%| F|  |TAMS 0x0000000088f00000| PB 0x0000000088f00000| Untracked 
| 144|0x0000000089000000, 0x0000000089000000, 0x0000000089100000|  0%| F|  |TAMS 0x0000000089000000| PB 0x0000000089000000| Untracked 
| 145|0x0000000089100000, 0x0000000089100000, 0x0000000089200000|  0%| F|  |TAMS 0x0000000089100000| PB 0x0000000089100000| Untracked 
| 146|0x0000000089200000, 0x0000000089200000, 0x0000000089300000|  0%| F|  |TAMS 0x0000000089200000| PB 0x0000000089200000| Untracked 
| 147|0x0000000089300000, 0x0000000089300000, 0x0000000089400000|  0%| F|  |TAMS 0x0000000089300000| PB 0x0000000089300000| Untracked 
| 148|0x0000000089400000, 0x0000000089400000, 0x0000000089500000|  0%| F|  |TAMS 0x0000000089400000| PB 0x0000000089400000| Untracked 
| 149|0x0000000089500000, 0x0000000089500000, 0x0000000089600000|  0%| F|  |TAMS 0x0000000089500000| PB 0x0000000089500000| Untracked 
| 150|0x0000000089600000, 0x0000000089600000, 0x0000000089700000|  0%| F|  |TAMS 0x0000000089600000| PB 0x0000000089600000| Untracked 
| 151|0x0000000089700000, 0x0000000089700000, 0x0000000089800000|  0%| F|  |TAMS 0x0000000089700000| PB 0x0000000089700000| Untracked 
| 152|0x0000000089800000, 0x0000000089800000, 0x0000000089900000|  0%| F|  |TAMS 0x0000000089800000| PB 0x0000000089800000| Untracked 
| 153|0x0000000089900000, 0x0000000089900000, 0x0000000089a00000|  0%| F|  |TAMS 0x0000000089900000| PB 0x0000000089900000| Untracked 
| 154|0x0000000089a00000, 0x0000000089a00000, 0x0000000089b00000|  0%| F|  |TAMS 0x0000000089a00000| PB 0x0000000089a00000| Untracked 
| 155|0x0000000089b00000, 0x0000000089b00000, 0x0000000089c00000|  0%| F|  |TAMS 0x0000000089b00000| PB 0x0000000089b00000| Untracked 
| 156|0x0000000089c00000, 0x0000000089c00000, 0x0000000089d00000|  0%| F|  |TAMS 0x0000000089c00000| PB 0x0000000089c00000| Untracked 
| 157|0x0000000089d00000, 0x0000000089d00000, 0x0000000089e00000|  0%| F|  |TAMS 0x0000000089d00000| PB 0x0000000089d00000| Untracked 
| 158|0x0000000089e00000, 0x0000000089e00000, 0x0000000089f00000|  0%| F|  |TAMS 0x0000000089e00000| PB 0x0000000089e00000| Untracked 
| 159|0x0000000089f00000, 0x0000000089f00000, 0x000000008a000000|  0%| F|  |TAMS 0x0000000089f00000| PB 0x0000000089f00000| Untracked 
| 160|0x000000008a000000, 0x000000008a000000, 0x000000008a100000|  0%| F|  |TAMS 0x000000008a000000| PB 0x000000008a000000| Untracked 
| 161|0x000000008a100000, 0x000000008a100000, 0x000000008a200000|  0%| F|  |TAMS 0x000000008a100000| PB 0x000000008a100000| Untracked 
| 162|0x000000008a200000, 0x000000008a200000, 0x000000008a300000|  0%| F|  |TAMS 0x000000008a200000| PB 0x000000008a200000| Untracked 
| 163|0x000000008a300000, 0x000000008a300000, 0x000000008a400000|  0%| F|  |TAMS 0x000000008a300000| PB 0x000000008a300000| Untracked 
| 164|0x000000008a400000, 0x000000008a400000, 0x000000008a500000|  0%| F|  |TAMS 0x000000008a400000| PB 0x000000008a400000| Untracked 
| 165|0x000000008a500000, 0x000000008a500000, 0x000000008a600000|  0%| F|  |TAMS 0x000000008a500000| PB 0x000000008a500000| Untracked 
| 166|0x000000008a600000, 0x000000008a600000, 0x000000008a700000|  0%| F|  |TAMS 0x000000008a600000| PB 0x000000008a600000| Untracked 
| 167|0x000000008a700000, 0x000000008a700000, 0x000000008a800000|  0%| F|  |TAMS 0x000000008a700000| PB 0x000000008a700000| Untracked 
| 168|0x000000008a800000, 0x000000008a800000, 0x000000008a900000|  0%| F|  |TAMS 0x000000008a800000| PB 0x000000008a800000| Untracked 
| 169|0x000000008a900000, 0x000000008a900000, 0x000000008aa00000|  0%| F|  |TAMS 0x000000008a900000| PB 0x000000008a900000| Untracked 
| 170|0x000000008aa00000, 0x000000008aa00000, 0x000000008ab00000|  0%| F|  |TAMS 0x000000008aa00000| PB 0x000000008aa00000| Untracked 
| 171|0x000000008ab00000, 0x000000008ab80000, 0x000000008ac00000| 50%| E|  |TAMS 0x000000008ab00000| PB 0x000000008ab00000| Complete 
| 172|0x000000008ac00000, 0x000000008ad00000, 0x000000008ad00000|100%| E|CS|TAMS 0x000000008ac00000| PB 0x000000008ac00000| Complete 
| 173|0x000000008ad00000, 0x000000008ae00000, 0x000000008ae00000|100%| E|CS|TAMS 0x000000008ad00000| PB 0x000000008ad00000| Complete 
| 174|0x000000008ae00000, 0x000000008af00000, 0x000000008af00000|100%| E|CS|TAMS 0x000000008ae00000| PB 0x000000008ae00000| Complete 
| 175|0x000000008af00000, 0x000000008b000000, 0x000000008b000000|100%| E|CS|TAMS 0x000000008af00000| PB 0x000000008af00000| Complete 
| 176|0x000000008b000000, 0x000000008b100000, 0x000000008b100000|100%| E|CS|TAMS 0x000000008b000000| PB 0x000000008b000000| Complete 
| 177|0x000000008b100000, 0x000000008b200000, 0x000000008b200000|100%| E|CS|TAMS 0x000000008b100000| PB 0x000000008b100000| Complete 
| 178|0x000000008b200000, 0x000000008b300000, 0x000000008b300000|100%| E|CS|TAMS 0x000000008b200000| PB 0x000000008b200000| Complete 
| 179|0x000000008b300000, 0x000000008b400000, 0x000000008b400000|100%| E|CS|TAMS 0x000000008b300000| PB 0x000000008b300000| Complete 
| 180|0x000000008b400000, 0x000000008b500000, 0x000000008b500000|100%| E|CS|TAMS 0x000000008b400000| PB 0x000000008b400000| Complete 
| 181|0x000000008b500000, 0x000000008b600000, 0x000000008b600000|100%| E|CS|TAMS 0x000000008b500000| PB 0x000000008b500000| Complete 
| 182|0x000000008b600000, 0x000000008b700000, 0x000000008b700000|100%| E|CS|TAMS 0x000000008b600000| PB 0x000000008b600000| Complete 
| 183|0x000000008b700000, 0x000000008b800000, 0x000000008b800000|100%| E|CS|TAMS 0x000000008b700000| PB 0x000000008b700000| Complete 
| 184|0x000000008b800000, 0x000000008b900000, 0x000000008b900000|100%| E|CS|TAMS 0x000000008b800000| PB 0x000000008b800000| Complete 
| 185|0x000000008b900000, 0x000000008ba00000, 0x000000008ba00000|100%| E|CS|TAMS 0x000000008b900000| PB 0x000000008b900000| Complete 
| 186|0x000000008ba00000, 0x000000008bb00000, 0x000000008bb00000|100%| E|CS|TAMS 0x000000008ba00000| PB 0x000000008ba00000| Complete 
| 187|0x000000008bb00000, 0x000000008bc00000, 0x000000008bc00000|100%| E|CS|TAMS 0x000000008bb00000| PB 0x000000008bb00000| Complete 
| 188|0x000000008bc00000, 0x000000008bd00000, 0x000000008bd00000|100%| E|CS|TAMS 0x000000008bc00000| PB 0x000000008bc00000| Complete 
| 189|0x000000008bd00000, 0x000000008be00000, 0x000000008be00000|100%| E|CS|TAMS 0x000000008bd00000| PB 0x000000008bd00000| Complete 
| 190|0x000000008be00000, 0x000000008bf00000, 0x000000008bf00000|100%| E|CS|TAMS 0x000000008be00000| PB 0x000000008be00000| Complete 
| 191|0x000000008bf00000, 0x000000008c000000, 0x000000008c000000|100%| E|CS|TAMS 0x000000008bf00000| PB 0x000000008bf00000| Complete 
| 192|0x000000008c000000, 0x000000008c100000, 0x000000008c100000|100%| E|CS|TAMS 0x000000008c000000| PB 0x000000008c000000| Complete 
| 193|0x000000008c100000, 0x000000008c200000, 0x000000008c200000|100%| E|CS|TAMS 0x000000008c100000| PB 0x000000008c100000| Complete 
| 194|0x000000008c200000, 0x000000008c300000, 0x000000008c300000|100%| E|CS|TAMS 0x000000008c200000| PB 0x000000008c200000| Complete 
| 195|0x000000008c300000, 0x000000008c400000, 0x000000008c400000|100%| E|CS|TAMS 0x000000008c300000| PB 0x000000008c300000| Complete 
| 196|0x000000008c400000, 0x000000008c500000, 0x000000008c500000|100%| E|CS|TAMS 0x000000008c400000| PB 0x000000008c400000| Complete 
| 197|0x000000008c500000, 0x000000008c600000, 0x000000008c600000|100%| E|CS|TAMS 0x000000008c500000| PB 0x000000008c500000| Complete 
| 198|0x000000008c600000, 0x000000008c700000, 0x000000008c700000|100%| E|CS|TAMS 0x000000008c600000| PB 0x000000008c600000| Complete 
| 199|0x000000008c700000, 0x000000008c800000, 0x000000008c800000|100%| E|CS|TAMS 0x000000008c700000| PB 0x000000008c700000| Complete 
| 200|0x000000008c800000, 0x000000008c900000, 0x000000008c900000|100%| E|CS|TAMS 0x000000008c800000| PB 0x000000008c800000| Complete 
| 201|0x000000008c900000, 0x000000008ca00000, 0x000000008ca00000|100%| E|CS|TAMS 0x000000008c900000| PB 0x000000008c900000| Complete 
| 202|0x000000008ca00000, 0x000000008cb00000, 0x000000008cb00000|100%| E|CS|TAMS 0x000000008ca00000| PB 0x000000008ca00000| Complete 
| 203|0x000000008cb00000, 0x000000008cc00000, 0x000000008cc00000|100%| E|CS|TAMS 0x000000008cb00000| PB 0x000000008cb00000| Complete 
| 204|0x000000008cc00000, 0x000000008cd00000, 0x000000008cd00000|100%| E|CS|TAMS 0x000000008cc00000| PB 0x000000008cc00000| Complete 
| 205|0x000000008cd00000, 0x000000008ce00000, 0x000000008ce00000|100%| E|CS|TAMS 0x000000008cd00000| PB 0x000000008cd00000| Complete 
| 206|0x000000008ce00000, 0x000000008cf00000, 0x000000008cf00000|100%| E|CS|TAMS 0x000000008ce00000| PB 0x000000008ce00000| Complete 
| 207|0x000000008cf00000, 0x000000008d000000, 0x000000008d000000|100%| E|CS|TAMS 0x000000008cf00000| PB 0x000000008cf00000| Complete 
| 208|0x000000008d000000, 0x000000008d100000, 0x000000008d100000|100%| E|CS|TAMS 0x000000008d000000| PB 0x000000008d000000| Complete 
| 209|0x000000008d100000, 0x000000008d200000, 0x000000008d200000|100%| E|CS|TAMS 0x000000008d100000| PB 0x000000008d100000| Complete 
| 210|0x000000008d200000, 0x000000008d300000, 0x000000008d300000|100%| E|CS|TAMS 0x000000008d200000| PB 0x000000008d200000| Complete 
| 211|0x000000008d300000, 0x000000008d400000, 0x000000008d400000|100%| E|CS|TAMS 0x000000008d300000| PB 0x000000008d300000| Complete 
| 212|0x000000008d400000, 0x000000008d500000, 0x000000008d500000|100%| E|CS|TAMS 0x000000008d400000| PB 0x000000008d400000| Complete 
| 213|0x000000008d500000, 0x000000008d600000, 0x000000008d600000|100%| E|CS|TAMS 0x000000008d500000| PB 0x000000008d500000| Complete 
| 214|0x000000008d600000, 0x000000008d700000, 0x000000008d700000|100%| E|CS|TAMS 0x000000008d600000| PB 0x000000008d600000| Complete 
| 215|0x000000008d700000, 0x000000008d800000, 0x000000008d800000|100%| E|CS|TAMS 0x000000008d700000| PB 0x000000008d700000| Complete 
| 216|0x000000008d800000, 0x000000008d900000, 0x000000008d900000|100%| E|CS|TAMS 0x000000008d800000| PB 0x000000008d800000| Complete 
| 217|0x000000008d900000, 0x000000008da00000, 0x000000008da00000|100%| E|CS|TAMS 0x000000008d900000| PB 0x000000008d900000| Complete 
| 218|0x000000008da00000, 0x000000008db00000, 0x000000008db00000|100%| E|CS|TAMS 0x000000008da00000| PB 0x000000008da00000| Complete 
| 219|0x000000008db00000, 0x000000008dc00000, 0x000000008dc00000|100%| E|CS|TAMS 0x000000008db00000| PB 0x000000008db00000| Complete 
| 220|0x000000008dc00000, 0x000000008dd00000, 0x000000008dd00000|100%| E|CS|TAMS 0x000000008dc00000| PB 0x000000008dc00000| Complete 
| 221|0x000000008dd00000, 0x000000008de00000, 0x000000008de00000|100%| E|CS|TAMS 0x000000008dd00000| PB 0x000000008dd00000| Complete 
| 222|0x000000008de00000, 0x000000008df00000, 0x000000008df00000|100%| E|CS|TAMS 0x000000008de00000| PB 0x000000008de00000| Complete 
| 223|0x000000008df00000, 0x000000008e000000, 0x000000008e000000|100%| E|CS|TAMS 0x000000008df00000| PB 0x000000008df00000| Complete 
| 224|0x000000008e000000, 0x000000008e100000, 0x000000008e100000|100%| E|CS|TAMS 0x000000008e000000| PB 0x000000008e000000| Complete 
| 225|0x000000008e100000, 0x000000008e200000, 0x000000008e200000|100%| E|CS|TAMS 0x000000008e100000| PB 0x000000008e100000| Complete 
| 226|0x000000008e200000, 0x000000008e300000, 0x000000008e300000|100%| E|CS|TAMS 0x000000008e200000| PB 0x000000008e200000| Complete 
| 227|0x000000008e300000, 0x000000008e400000, 0x000000008e400000|100%| E|CS|TAMS 0x000000008e300000| PB 0x000000008e300000| Complete 
| 228|0x000000008e400000, 0x000000008e500000, 0x000000008e500000|100%| E|CS|TAMS 0x000000008e400000| PB 0x000000008e400000| Complete 
| 229|0x000000008e500000, 0x000000008e600000, 0x000000008e600000|100%| E|CS|TAMS 0x000000008e500000| PB 0x000000008e500000| Complete 
| 230|0x000000008e600000, 0x000000008e700000, 0x000000008e700000|100%| E|CS|TAMS 0x000000008e600000| PB 0x000000008e600000| Complete 
| 231|0x000000008e700000, 0x000000008e800000, 0x000000008e800000|100%| E|CS|TAMS 0x000000008e700000| PB 0x000000008e700000| Complete 
| 232|0x000000008e800000, 0x000000008e900000, 0x000000008e900000|100%| E|CS|TAMS 0x000000008e800000| PB 0x000000008e800000| Complete 
| 233|0x000000008e900000, 0x000000008ea00000, 0x000000008ea00000|100%| E|CS|TAMS 0x000000008e900000| PB 0x000000008e900000| Complete 
| 234|0x000000008ea00000, 0x000000008eb00000, 0x000000008eb00000|100%| E|CS|TAMS 0x000000008ea00000| PB 0x000000008ea00000| Complete 
| 235|0x000000008eb00000, 0x000000008ec00000, 0x000000008ec00000|100%| E|CS|TAMS 0x000000008eb00000| PB 0x000000008eb00000| Complete 
| 236|0x000000008ec00000, 0x000000008ed00000, 0x000000008ed00000|100%| E|CS|TAMS 0x000000008ec00000| PB 0x000000008ec00000| Complete 
| 237|0x000000008ed00000, 0x000000008ee00000, 0x000000008ee00000|100%| E|CS|TAMS 0x000000008ed00000| PB 0x000000008ed00000| Complete 
| 238|0x000000008ee00000, 0x000000008ef00000, 0x000000008ef00000|100%| E|CS|TAMS 0x000000008ee00000| PB 0x000000008ee00000| Complete 
| 239|0x000000008ef00000, 0x000000008f000000, 0x000000008f000000|100%| E|CS|TAMS 0x000000008ef00000| PB 0x000000008ef00000| Complete 
| 240|0x000000008f000000, 0x000000008f100000, 0x000000008f100000|100%| E|CS|TAMS 0x000000008f000000| PB 0x000000008f000000| Complete 
| 241|0x000000008f100000, 0x000000008f200000, 0x000000008f200000|100%| E|CS|TAMS 0x000000008f100000| PB 0x000000008f100000| Complete 
| 242|0x000000008f200000, 0x000000008f300000, 0x000000008f300000|100%| E|CS|TAMS 0x000000008f200000| PB 0x000000008f200000| Complete 
| 243|0x000000008f300000, 0x000000008f400000, 0x000000008f400000|100%| E|CS|TAMS 0x000000008f300000| PB 0x000000008f300000| Complete 
| 244|0x000000008f400000, 0x000000008f500000, 0x000000008f500000|100%| E|CS|TAMS 0x000000008f400000| PB 0x000000008f400000| Complete 
| 245|0x000000008f500000, 0x000000008f600000, 0x000000008f600000|100%| E|CS|TAMS 0x000000008f500000| PB 0x000000008f500000| Complete 
| 246|0x000000008f600000, 0x000000008f700000, 0x000000008f700000|100%| E|CS|TAMS 0x000000008f600000| PB 0x000000008f600000| Complete 
| 247|0x000000008f700000, 0x000000008f800000, 0x000000008f800000|100%| E|CS|TAMS 0x000000008f700000| PB 0x000000008f700000| Complete 
| 248|0x000000008f800000, 0x000000008f900000, 0x000000008f900000|100%| E|CS|TAMS 0x000000008f800000| PB 0x000000008f800000| Complete 
| 249|0x000000008f900000, 0x000000008fa00000, 0x000000008fa00000|100%| E|CS|TAMS 0x000000008f900000| PB 0x000000008f900000| Complete 
| 250|0x000000008fa00000, 0x000000008fb00000, 0x000000008fb00000|100%| E|CS|TAMS 0x000000008fa00000| PB 0x000000008fa00000| Complete 
| 251|0x000000008fb00000, 0x000000008fc00000, 0x000000008fc00000|100%| E|CS|TAMS 0x000000008fb00000| PB 0x000000008fb00000| Complete 
| 252|0x000000008fc00000, 0x000000008fd00000, 0x000000008fd00000|100%| E|CS|TAMS 0x000000008fc00000| PB 0x000000008fc00000| Complete 
| 253|0x000000008fd00000, 0x000000008fe00000, 0x000000008fe00000|100%| E|CS|TAMS 0x000000008fd00000| PB 0x000000008fd00000| Complete 
| 254|0x000000008fe00000, 0x000000008ff00000, 0x000000008ff00000|100%| E|CS|TAMS 0x000000008fe00000| PB 0x000000008fe00000| Complete 
| 255|0x000000008ff00000, 0x0000000090000000, 0x0000000090000000|100%| E|CS|TAMS 0x000000008ff00000| PB 0x000000008ff00000| Complete 
| 256|0x0000000090000000, 0x0000000090100000, 0x0000000090100000|100%| E|CS|TAMS 0x0000000090000000| PB 0x0000000090000000| Complete 
| 510|0x000000009fe00000, 0x000000009ff00000, 0x000000009ff00000|100%| E|CS|TAMS 0x000000009fe00000| PB 0x000000009fe00000| Complete 
| 511|0x000000009ff00000, 0x00000000a0000000, 0x00000000a0000000|100%| E|CS|TAMS 0x000000009ff00000| PB 0x000000009ff00000| Complete 
|2033|0x00000000ff100000, 0x00000000ff200000, 0x00000000ff200000|100%| O|  |TAMS 0x00000000ff100000| PB 0x00000000ff100000| Untracked 
|2034|0x00000000ff200000, 0x00000000ff300000, 0x00000000ff300000|100%| E|CS|TAMS 0x00000000ff200000| PB 0x00000000ff200000| Complete 
|2035|0x00000000ff300000, 0x00000000ff400000, 0x00000000ff400000|100%| O|  |TAMS 0x00000000ff300000| PB 0x00000000ff300000| Untracked 
|2036|0x00000000ff400000, 0x00000000ff500000, 0x00000000ff500000|100%| O|  |TAMS 0x00000000ff400000| PB 0x00000000ff400000| Untracked 
|2037|0x00000000ff500000, 0x00000000ff600000, 0x00000000ff600000|100%| O|  |TAMS 0x00000000ff500000| PB 0x00000000ff500000| Untracked 
|2038|0x00000000ff600000, 0x00000000ff700000, 0x00000000ff700000|100%| O|  |TAMS 0x00000000ff600000| PB 0x00000000ff600000| Untracked 
|2039|0x00000000ff700000, 0x00000000ff800000, 0x00000000ff800000|100%| E|CS|TAMS 0x00000000ff700000| PB 0x00000000ff700000| Complete 
|2040|0x00000000ff800000, 0x00000000ff900000, 0x00000000ff900000|100%| O|  |TAMS 0x00000000ff800000| PB 0x00000000ff800000| Untracked 
|2041|0x00000000ff900000, 0x00000000ffa00000, 0x00000000ffa00000|100%| O|  |TAMS 0x00000000ff900000| PB 0x00000000ff900000| Untracked 
|2042|0x00000000ffa00000, 0x00000000ffb00000, 0x00000000ffb00000|100%| O|  |TAMS 0x00000000ffa00000| PB 0x00000000ffa00000| Untracked 
|2043|0x00000000ffb00000, 0x00000000ffc00000, 0x00000000ffc00000|100%| O|  |TAMS 0x00000000ffb00000| PB 0x00000000ffb00000| Untracked 
|2044|0x00000000ffc00000, 0x00000000ffd00000, 0x00000000ffd00000|100%| O|  |TAMS 0x00000000ffc00000| PB 0x00000000ffc00000| Untracked 
|2045|0x00000000ffd00000, 0x00000000ffe00000, 0x00000000ffe00000|100%| O|  |TAMS 0x00000000ffd00000| PB 0x00000000ffd00000| Untracked 
|2046|0x00000000ffe00000, 0x00000000fff00000, 0x00000000fff00000|100%| O|  |TAMS 0x00000000ffe00000| PB 0x00000000ffe00000| Untracked 
|2047|0x00000000fff00000, 0x0000000100000000, 0x0000000100000000|100%| O|  |TAMS 0x00000000fff00000| PB 0x00000000fff00000| Untracked 

Card table byte_map: [0x00000216ea090000,0x00000216ea490000] _byte_map_base: 0x00000216e9c90000

Marking Bits: (CMBitMap*) 0x00000216d51fe680
 Bits: [0x00000216ea490000, 0x00000216ec490000)

Polling page: 0x00000216d53c0000

Metaspace:

Usage:
  Non-class:     87.42 MB used.
      Class:     14.36 MB used.
       Both:    101.78 MB used.

Virtual space:
  Non-class space:      128.00 MB reserved,      88.50 MB ( 69%) committed,  2 nodes.
      Class space:        1.00 GB reserved,      15.44 MB (  2%) committed,  1 nodes.
             Both:        1.12 GB reserved,     103.94 MB (  9%) committed. 

Chunk freelists:
   Non-Class:  7.02 MB
       Class:  416.00 KB
        Both:  7.42 MB

MaxMetaspaceSize: unlimited
CompressedClassSpaceSize: 1.00 GB
Initial GC threshold: 21.00 MB
Current GC threshold: 166.25 MB
CDS: off
 - commit_granule_bytes: 65536.
 - commit_granule_words: 8192.
 - virtual_space_node_default_size: 8388608.
 - enlarge_chunks_in_place: 1.
 - use_allocation_guard: 0.


Internal statistics:

num_allocs_failed_limit: 15.
num_arena_births: 4300.
num_arena_deaths: 0.
num_vsnodes_births: 3.
num_vsnodes_deaths: 0.
num_space_committed: 1663.
num_space_uncommitted: 0.
num_chunks_returned_to_freelist: 15.
num_chunks_taken_from_freelist: 8724.
num_chunk_merges: 12.
num_chunk_splits: 5674.
num_chunks_enlarged: 3484.
num_inconsistent_stats: 0.

CodeHeap 'non-profiled nmethods': size=120000Kb used=6108Kb max_used=6199Kb free=113891Kb
 bounds [0x00000216e2210000, 0x00000216e2830000, 0x00000216e9740000]
CodeHeap 'profiled nmethods': size=120000Kb used=17888Kb max_used=18788Kb free=102111Kb
 bounds [0x00000216da740000, 0x00000216db9a0000, 0x00000216e1c70000]
CodeHeap 'non-nmethods': size=5760Kb used=2010Kb max_used=2068Kb free=3750Kb
 bounds [0x00000216e1c70000, 0x00000216e1ee0000, 0x00000216e2210000]
CodeCache: size=245760Kb, used=26006Kb, max_used=27055Kb, free=219752Kb
 total_blobs=10598, nmethods=9714, adapters=787, full_count=0
Compilation: enabled, stopped_count=0, restarted_count=0

Compilation events (20 events):
Event: 48.413 Thread 0x00000216ef3834e0 11195       3       org.gradle.api.internal.artifacts.dependencies.AbstractExternalModuleDependency::getGroup (10 bytes)
Event: 48.413 Thread 0x00000216ef3834e0 nmethod 11195 0x00000216db52a190 code [0x00000216db52a340, 0x00000216db52a4b0]
Event: 48.413 Thread 0x00000216ef3834e0 11196       1       java.util.LinkedList$LLSpliterator::characteristics (4 bytes)
Event: 48.413 Thread 0x00000216ef3834e0 nmethod 11196 0x00000216e2320e90 code [0x00000216e2321020, 0x00000216e23210e8]
Event: 48.413 Thread 0x00000216ef3834e0 11197       1       org.gradle.api.internal.DelegatingDomainObjectSet::getDelegate (5 bytes)
Event: 48.413 Thread 0x00000216ef3834e0 nmethod 11197 0x00000216e2320b90 code [0x00000216e2320d20, 0x00000216e2320de8]
Event: 48.413 Thread 0x00000216ef3834e0 11199       3       org.gradle.api.internal.artifacts.dependencies.DefaultMutableMinimalDependency_Decorated::getGroup (39 bytes)
Event: 48.413 Thread 0x00000216ef3834e0 nmethod 11199 0x00000216dab7d090 code [0x00000216dab7d2a0, 0x00000216dab7d8b8]
Event: 48.413 Thread 0x00000216ef3834e0 11200       3       it.unimi.dsi.fastutil.objects.ReferenceOpenHashSet::remove (95 bytes)
Event: 48.413 Thread 0x00000216ef3834e0 nmethod 11200 0x00000216db001a10 code [0x00000216db001c40, 0x00000216db002170]
Event: 48.413 Thread 0x00000216ef3834e0 11201       3       it.unimi.dsi.fastutil.objects.ReferenceOpenHashSet::removeEntry (60 bytes)
Event: 48.413 Thread 0x00000216ef3834e0 nmethod 11201 0x00000216db2e6590 code [0x00000216db2e6760, 0x00000216db2e69f8]
Event: 48.413 Thread 0x00000216ef3834e0 11198       1       org.gradle.api.internal.provider.Collectors$ElementFromProvider::size (2 bytes)
Event: 48.413 Thread 0x00000216ef3834e0 nmethod 11198 0x00000216e2320890 code [0x00000216e2320a20, 0x00000216e2320ae8]
Event: 48.416 Thread 0x00000216ef3834e0 11203       3       java.util.StringTokenizer::hasMoreTokens (29 bytes)
Event: 48.416 Thread 0x00000216ef3834e0 nmethod 11203 0x00000216db257c10 code [0x00000216db257dc0, 0x00000216db257f68]
Event: 48.419 Thread 0x00000216ef3834e0 11204       1       java.util.stream.Sink::cancellationRequested (2 bytes)
Event: 48.419 Thread 0x00000216ef3834e0 nmethod 11204 0x00000216e2320510 code [0x00000216e23206a0, 0x00000216e2320768]
Event: 48.421 Thread 0x00000216ef3834e0 11205       1       org.gradle.api.internal.DefaultNamedDomainObjectCollection::getInstantiator (5 bytes)
Event: 48.421 Thread 0x00000216ef3834e0 nmethod 11205 0x00000216e2457310 code [0x00000216e24574a0, 0x00000216e2457568]

GC Heap History (20 events):
Event: 23.303 GC heap before
{Heap before GC invocations=6 (full 0):
 garbage-first heap   total 84992K, used 28642K [0x0000000080000000, 0x0000000100000000)
  region size 1024K, 9 young (9216K), 6 survivors (6144K)
 Metaspace       used 36085K, committed 36800K, reserved 1114112K
  class space    used 4766K, committed 5120K, reserved 1048576K
}
Event: 23.306 GC heap after
{Heap after GC invocations=7 (full 0):
 garbage-first heap   total 84992K, used 26732K [0x0000000080000000, 0x0000000100000000)
  region size 1024K, 3 young (3072K), 3 survivors (3072K)
 Metaspace       used 36085K, committed 36800K, reserved 1114112K
  class space    used 4766K, committed 5120K, reserved 1048576K
}
Event: 27.582 GC heap before
{Heap before GC invocations=8 (full 0):
 garbage-first heap   total 84992K, used 83052K [0x0000000080000000, 0x0000000100000000)
  region size 1024K, 43 young (44032K), 3 survivors (3072K)
 Metaspace       used 40399K, committed 41344K, reserved 1114112K
  class space    used 5533K, committed 6016K, reserved 1048576K
}
Event: 27.587 GC heap after
{Heap after GC invocations=9 (full 0):
 garbage-first heap   total 97280K, used 52358K [0x0000000080000000, 0x0000000100000000)
  region size 1024K, 6 young (6144K), 6 survivors (6144K)
 Metaspace       used 40399K, committed 41344K, reserved 1114112K
  class space    used 5533K, committed 6016K, reserved 1048576K
}
Event: 28.793 GC heap before
{Heap before GC invocations=9 (full 0):
 garbage-first heap   total 97280K, used 82054K [0x0000000080000000, 0x0000000100000000)
  region size 1024K, 35 young (35840K), 6 survivors (6144K)
 Metaspace       used 44109K, committed 45248K, reserved 1114112K
  class space    used 6130K, committed 6656K, reserved 1048576K
}
Event: 28.797 GC heap after
{Heap after GC invocations=10 (full 0):
 garbage-first heap   total 97280K, used 53536K [0x0000000080000000, 0x0000000100000000)
  region size 1024K, 2 young (2048K), 2 survivors (2048K)
 Metaspace       used 44109K, committed 45248K, reserved 1114112K
  class space    used 6130K, committed 6656K, reserved 1048576K
}
Event: 31.250 GC heap before
{Heap before GC invocations=10 (full 0):
 garbage-first heap   total 97280K, used 83232K [0x0000000080000000, 0x0000000100000000)
  region size 1024K, 33 young (33792K), 2 survivors (2048K)
 Metaspace       used 48333K, committed 49728K, reserved 1114112K
  class space    used 6778K, committed 7488K, reserved 1048576K
}
Event: 31.267 GC heap after
{Heap after GC invocations=11 (full 0):
 garbage-first heap   total 97280K, used 55357K [0x0000000080000000, 0x0000000100000000)
  region size 1024K, 4 young (4096K), 4 survivors (4096K)
 Metaspace       used 48333K, committed 49728K, reserved 1114112K
  class space    used 6778K, committed 7488K, reserved 1048576K
}
Event: 33.501 GC heap before
{Heap before GC invocations=12 (full 0):
 garbage-first heap   total 97280K, used 86077K [0x0000000080000000, 0x0000000100000000)
  region size 1024K, 34 young (34816K), 4 survivors (4096K)
 Metaspace       used 52754K, committed 54336K, reserved 1114112K
  class space    used 7370K, committed 8128K, reserved 1048576K
}
Event: 33.506 GC heap after
{Heap after GC invocations=13 (full 0):
 garbage-first heap   total 311296K, used 58923K [0x0000000080000000, 0x0000000100000000)
  region size 1024K, 5 young (5120K), 5 survivors (5120K)
 Metaspace       used 52754K, committed 54336K, reserved 1114112K
  class space    used 7370K, committed 8128K, reserved 1048576K
}
Event: 42.070 GC heap before
{Heap before GC invocations=13 (full 0):
 garbage-first heap   total 311296K, used 239147K [0x0000000080000000, 0x0000000100000000)
  region size 1024K, 182 young (186368K), 5 survivors (5120K)
 Metaspace       used 73082K, committed 74880K, reserved 1114112K
  class space    used 10309K, committed 11200K, reserved 1048576K
}
Event: 42.080 GC heap after
{Heap after GC invocations=14 (full 0):
 garbage-first heap   total 311296K, used 72692K [0x0000000080000000, 0x0000000100000000)
  region size 1024K, 19 young (19456K), 19 survivors (19456K)
 Metaspace       used 73082K, committed 74880K, reserved 1114112K
  class space    used 10309K, committed 11200K, reserved 1048576K
}
Event: 44.493 GC heap before
{Heap before GC invocations=14 (full 0):
 garbage-first heap   total 311296K, used 164852K [0x0000000080000000, 0x0000000100000000)
  region size 1024K, 110 young (112640K), 19 survivors (19456K)
 Metaspace       used 80897K, committed 82880K, reserved 1179648K
  class space    used 11485K, committed 12480K, reserved 1048576K
}
Event: 44.503 GC heap after
{Heap after GC invocations=15 (full 0):
 garbage-first heap   total 311296K, used 83058K [0x0000000080000000, 0x0000000100000000)
  region size 1024K, 12 young (12288K), 12 survivors (12288K)
 Metaspace       used 80897K, committed 82880K, reserved 1179648K
  class space    used 11485K, committed 12480K, reserved 1048576K
}
Event: 45.307 GC heap before
{Heap before GC invocations=16 (full 0):
 garbage-first heap   total 280576K, used 247922K [0x0000000080000000, 0x0000000100000000)
  region size 1024K, 164 young (167936K), 12 survivors (12288K)
 Metaspace       used 81647K, committed 83584K, reserved 1179648K
  class space    used 11539K, committed 12480K, reserved 1048576K
}
Event: 45.313 GC heap after
{Heap after GC invocations=17 (full 0):
 garbage-first heap   total 280576K, used 101224K [0x0000000080000000, 0x0000000100000000)
  region size 1024K, 20 young (20480K), 20 survivors (20480K)
 Metaspace       used 81647K, committed 83584K, reserved 1179648K
  class space    used 11539K, committed 12480K, reserved 1048576K
}
Event: 46.549 GC heap before
{Heap before GC invocations=17 (full 0):
 garbage-first heap   total 280576K, used 246632K [0x0000000080000000, 0x0000000100000000)
  region size 1024K, 156 young (159744K), 20 survivors (20480K)
 Metaspace       used 91239K, committed 93376K, reserved 1179648K
  class space    used 12821K, committed 13888K, reserved 1048576K
}
Event: 46.556 GC heap after
{Heap after GC invocations=18 (full 0):
 garbage-first heap   total 280576K, used 109871K [0x0000000080000000, 0x0000000100000000)
  region size 1024K, 10 young (10240K), 10 survivors (10240K)
 Metaspace       used 91239K, committed 93376K, reserved 1179648K
  class space    used 12821K, committed 13888K, reserved 1048576K
}
Event: 47.831 GC heap before
{Heap before GC invocations=18 (full 0):
 garbage-first heap   total 280576K, used 245039K [0x0000000080000000, 0x0000000100000000)
  region size 1024K, 142 young (145408K), 10 survivors (10240K)
 Metaspace       used 99738K, committed 101888K, reserved 1179648K
  class space    used 14033K, committed 15104K, reserved 1048576K
}
Event: 47.835 GC heap after
{Heap after GC invocations=19 (full 0):
 garbage-first heap   total 280576K, used 113373K [0x0000000080000000, 0x0000000100000000)
  region size 1024K, 13 young (13312K), 13 survivors (13312K)
 Metaspace       used 99738K, committed 101888K, reserved 1179648K
  class space    used 14033K, committed 15104K, reserved 1048576K
}

Dll operation events (3 events):
Event: 0.197 Loaded shared library C:\Program Files\Android\Android Studio\jbr\bin\java.dll
Event: 0.263 Loaded shared library C:\Program Files\Android\Android Studio\jbr\bin\zip.dll
Event: 3.021 Loaded shared library C:\Program Files\Android\Android Studio\jbr\bin\verify.dll

Deoptimization events (20 events):
Event: 47.930 Thread 0x00000216f50ded30 DEOPT PACKING pc=0x00000216e24d97ac sp=0x000000976d5f70f0
Event: 47.930 Thread 0x00000216f50ded30 DEOPT UNPACKING pc=0x00000216e1cc43a2 sp=0x000000976d5f7080 mode 2
Event: 47.946 Thread 0x00000216f50ded30 Uncommon trap: trap_request=0xffffff45 fr.pc=0x00000216e23405ac relative=0x000000000000016c
Event: 47.946 Thread 0x00000216f50ded30 Uncommon trap: reason=unstable_if action=reinterpret pc=0x00000216e23405ac method=kotlin.reflect.jvm.internal.impl.protobuf.CodedInputStream.readRawVarint32()I @ 69 c2
Event: 47.946 Thread 0x00000216f50ded30 DEOPT PACKING pc=0x00000216e23405ac sp=0x000000976d5f5cb0
Event: 47.946 Thread 0x00000216f50ded30 DEOPT UNPACKING pc=0x00000216e1cc43a2 sp=0x000000976d5f5c38 mode 2
Event: 47.958 Thread 0x00000216f50ded30 Uncommon trap: trap_request=0xffffffcc fr.pc=0x00000216e2770bbc relative=0x000000000000027c
Event: 47.958 Thread 0x00000216f50ded30 Uncommon trap: reason=intrinsic_or_type_checked_inlining action=make_not_entrant pc=0x00000216e2770bbc method=java.util.Arrays.copyOfRange([Ljava/lang/Object;IILjava/lang/Class;)[Ljava/lang/Object; @ 84 c2
Event: 47.958 Thread 0x00000216f50ded30 DEOPT PACKING pc=0x00000216e2770bbc sp=0x000000976d5f5190
Event: 47.958 Thread 0x00000216f50ded30 DEOPT UNPACKING pc=0x00000216e1cc43a2 sp=0x000000976d5f5130 mode 2
Event: 48.141 Thread 0x00000216f50ded30 DEOPT PACKING pc=0x00000216db40c468 sp=0x000000976d5f5f60
Event: 48.141 Thread 0x00000216f50ded30 DEOPT UNPACKING pc=0x00000216e1cc4b42 sp=0x000000976d5f5480 mode 0
Event: 48.324 Thread 0x00000216f50ded30 Uncommon trap: trap_request=0xffffff45 fr.pc=0x00000216e2795e54 relative=0x0000000000000134
Event: 48.324 Thread 0x00000216f50ded30 Uncommon trap: reason=unstable_if action=reinterpret pc=0x00000216e2795e54 method=it.unimi.dsi.fastutil.objects.ReferenceOpenHashSet.shiftKeys(I)V @ 25 c2
Event: 48.324 Thread 0x00000216f50ded30 DEOPT PACKING pc=0x00000216e2795e54 sp=0x000000976d5f60e0
Event: 48.324 Thread 0x00000216f50ded30 DEOPT UNPACKING pc=0x00000216e1cc43a2 sp=0x000000976d5f6010 mode 2
Event: 48.407 Thread 0x00000216f50ded30 Uncommon trap: trap_request=0xffffff45 fr.pc=0x00000216e2795340 relative=0x0000000000000260
Event: 48.407 Thread 0x00000216f50ded30 Uncommon trap: reason=unstable_if action=reinterpret pc=0x00000216e2795340 method=it.unimi.dsi.fastutil.objects.ReferenceOpenHashSet.shiftKeys(I)V @ 25 c2
Event: 48.407 Thread 0x00000216f50ded30 DEOPT PACKING pc=0x00000216e2795340 sp=0x000000976d5f5970
Event: 48.407 Thread 0x00000216f50ded30 DEOPT UNPACKING pc=0x00000216e1cc43a2 sp=0x000000976d5f5820 mode 2

Classes loaded (20 events):
Event: 47.735 Loading class java/util/AbstractMap$2
Event: 47.736 Loading class java/util/AbstractMap$2 done
Event: 47.736 Loading class java/util/AbstractMap$2$1
Event: 47.736 Loading class java/util/AbstractMap$2$1 done
Event: 47.736 Loading class java/io/Console$1
Event: 47.736 Loading class jdk/internal/access/JavaIOAccess
Event: 47.736 Loading class jdk/internal/access/JavaIOAccess done
Event: 47.736 Loading class java/io/Console$1 done
Event: 47.861 Loading class java/beans/PropertyChangeListener
Event: 47.861 Loading class java/beans/PropertyChangeListener done
Event: 48.411 Loading class java/util/stream/ReferencePipeline$4
Event: 48.411 Loading class java/util/stream/IntPipeline$StatelessOp
Event: 48.411 Loading class java/util/stream/IntPipeline$StatelessOp done
Event: 48.411 Loading class java/util/stream/ReferencePipeline$4 done
Event: 48.411 Loading class java/util/stream/ReduceOps$6
Event: 48.411 Loading class java/util/stream/ReduceOps$6 done
Event: 48.411 Loading class java/util/stream/ReduceOps$5ReducingSink
Event: 48.411 Loading class java/util/stream/ReduceOps$5ReducingSink done
Event: 48.411 Loading class java/util/stream/ReferencePipeline$4$1
Event: 48.411 Loading class java/util/stream/ReferencePipeline$4$1 done

Classes unloaded (0 events):
No events

Classes redefined (0 events):
No events

Internal exceptions (20 events):
Event: 48.420 Thread 0x00000216f50ded30 Exception <a 'sun/nio/fs/WindowsException'{0x000000008b3273c0}> (0x000000008b3273c0) 
thrown [s\src\hotspot\share\prims\jni.cpp, line 537]
Event: 48.421 Thread 0x00000216f50ded30 Exception <a 'sun/nio/fs/WindowsException'{0x000000008b34afa0}> (0x000000008b34afa0) 
thrown [s\src\hotspot\share\prims\jni.cpp, line 537]
Event: 48.421 Thread 0x00000216f50ded30 Exception <a 'sun/nio/fs/WindowsException'{0x000000008b35c438}> (0x000000008b35c438) 
thrown [s\src\hotspot\share\prims\jni.cpp, line 537]
Event: 48.422 Thread 0x00000216f50ded30 Exception <a 'sun/nio/fs/WindowsException'{0x000000008b36aa08}> (0x000000008b36aa08) 
thrown [s\src\hotspot\share\prims\jni.cpp, line 537]
Event: 48.423 Thread 0x00000216f50ded30 Exception <a 'sun/nio/fs/WindowsException'{0x000000008b37a828}> (0x000000008b37a828) 
thrown [s\src\hotspot\share\prims\jni.cpp, line 537]
Event: 48.423 Thread 0x00000216f50ded30 Exception <a 'sun/nio/fs/WindowsException'{0x000000008b389a88}> (0x000000008b389a88) 
thrown [s\src\hotspot\share\prims\jni.cpp, line 537]
Event: 48.424 Thread 0x00000216f50ded30 Exception <a 'sun/nio/fs/WindowsException'{0x000000008b398250}> (0x000000008b398250) 
thrown [s\src\hotspot\share\prims\jni.cpp, line 537]
Event: 48.425 Thread 0x00000216f50ded30 Exception <a 'sun/nio/fs/WindowsException'{0x000000008b3b71e8}> (0x000000008b3b71e8) 
thrown [s\src\hotspot\share\prims\jni.cpp, line 537]
Event: 48.425 Thread 0x00000216f50ded30 Exception <a 'sun/nio/fs/WindowsException'{0x000000008b3c5ca8}> (0x000000008b3c5ca8) 
thrown [s\src\hotspot\share\prims\jni.cpp, line 537]
Event: 48.426 Thread 0x00000216f50ded30 Exception <a 'sun/nio/fs/WindowsException'{0x000000008b3e3b70}> (0x000000008b3e3b70) 
thrown [s\src\hotspot\share\prims\jni.cpp, line 537]
Event: 48.426 Thread 0x00000216f50ded30 Exception <a 'sun/nio/fs/WindowsException'{0x000000008b3f37d8}> (0x000000008b3f37d8) 
thrown [s\src\hotspot\share\prims\jni.cpp, line 537]
Event: 48.427 Thread 0x00000216f50ded30 Exception <a 'sun/nio/fs/WindowsException'{0x000000008b209d68}> (0x000000008b209d68) 
thrown [s\src\hotspot\share\prims\jni.cpp, line 537]
Event: 48.427 Thread 0x00000216f50ded30 Exception <a 'sun/nio/fs/WindowsException'{0x000000008b226378}> (0x000000008b226378) 
thrown [s\src\hotspot\share\prims\jni.cpp, line 537]
Event: 48.428 Thread 0x00000216f50ded30 Exception <a 'sun/nio/fs/WindowsException'{0x000000008b237f30}> (0x000000008b237f30) 
thrown [s\src\hotspot\share\prims\jni.cpp, line 537]
Event: 48.430 Thread 0x00000216f50ded30 Exception <a 'sun/nio/fs/WindowsException'{0x000000008b252600}> (0x000000008b252600) 
thrown [s\src\hotspot\share\prims\jni.cpp, line 537]
Event: 48.430 Thread 0x00000216f50ded30 Exception <a 'sun/nio/fs/WindowsException'{0x000000008b260218}> (0x000000008b260218) 
thrown [s\src\hotspot\share\prims\jni.cpp, line 537]
Event: 48.430 Thread 0x00000216f50ded30 Exception <a 'sun/nio/fs/WindowsException'{0x000000008b26ccb8}> (0x000000008b26ccb8) 
thrown [s\src\hotspot\share\prims\jni.cpp, line 537]
Event: 48.430 Thread 0x00000216f50ded30 Exception <a 'sun/nio/fs/WindowsException'{0x000000008b2796f0}> (0x000000008b2796f0) 
thrown [s\src\hotspot\share\prims\jni.cpp, line 537]
Event: 48.431 Thread 0x00000216f50ded30 Exception <a 'sun/nio/fs/WindowsException'{0x000000008b288578}> (0x000000008b288578) 
thrown [s\src\hotspot\share\prims\jni.cpp, line 537]
Event: 48.432 Thread 0x00000216f50ded30 Exception <a 'sun/nio/fs/WindowsException'{0x000000008b298e58}> (0x000000008b298e58) 
thrown [s\src\hotspot\share\prims\jni.cpp, line 537]

ZGC Phase Switch (0 events):
No events

VM Operations (20 events):
Event: 46.119 Executing non-safepoint VM operation: HandshakeAllThreads (Deoptimize)
Event: 46.119 Executing non-safepoint VM operation: HandshakeAllThreads (Deoptimize) done
Event: 46.548 Executing safepoint VM operation: G1CollectForAllocation (G1 Evacuation Pause)
Event: 46.556 Executing safepoint VM operation: G1CollectForAllocation (G1 Evacuation Pause) done
Event: 46.912 Executing non-safepoint VM operation: HandshakeAllThreads (Deoptimize)
Event: 46.925 Executing non-safepoint VM operation: HandshakeAllThreads (Deoptimize) done
Event: 47.413 Executing non-safepoint VM operation: HandshakeAllThreads (Deoptimize)
Event: 47.413 Executing non-safepoint VM operation: HandshakeAllThreads (Deoptimize) done
Event: 47.450 Executing safepoint VM operation: ICBufferFull
Event: 47.450 Executing safepoint VM operation: ICBufferFull done
Event: 47.831 Executing safepoint VM operation: G1CollectForAllocation (G1 Evacuation Pause)
Event: 47.835 Executing safepoint VM operation: G1CollectForAllocation (G1 Evacuation Pause) done
Event: 47.861 Executing safepoint VM operation: G1PauseRemark
Event: 47.865 Executing safepoint VM operation: G1PauseRemark done
Event: 47.874 Executing safepoint VM operation: G1PauseCleanup
Event: 47.874 Executing safepoint VM operation: G1PauseCleanup done
Event: 48.331 Executing non-safepoint VM operation: HandshakeAllThreads (Deoptimize)
Event: 48.331 Executing non-safepoint VM operation: HandshakeAllThreads (Deoptimize) done
Event: 48.394 Executing safepoint VM operation: ICBufferFull
Event: 48.394 Executing safepoint VM operation: ICBufferFull done

Memory protections (0 events):
No events

Nmethod flushes (20 events):
Event: 47.864 Thread 0x00000216ef297360 flushing  nmethod 0x00000216db1a6410
Event: 47.864 Thread 0x00000216ef297360 flushing  nmethod 0x00000216db1efd90
Event: 47.864 Thread 0x00000216ef297360 flushing  nmethod 0x00000216db28a110
Event: 47.864 Thread 0x00000216ef297360 flushing  nmethod 0x00000216db28b410
Event: 47.864 Thread 0x00000216ef297360 flushing  nmethod 0x00000216db28c190
Event: 47.864 Thread 0x00000216ef297360 flushing  nmethod 0x00000216db28c690
Event: 47.864 Thread 0x00000216ef297360 flushing  nmethod 0x00000216db28ea10
Event: 47.864 Thread 0x00000216ef297360 flushing  nmethod 0x00000216db2e9910
Event: 47.864 Thread 0x00000216ef297360 flushing  nmethod 0x00000216db2ed490
Event: 47.864 Thread 0x00000216ef297360 flushing  nmethod 0x00000216db2f0210
Event: 47.864 Thread 0x00000216ef297360 flushing osr nmethod 0x00000216db35d410
Event: 47.864 Thread 0x00000216ef297360 flushing  nmethod 0x00000216db4d1090
Event: 47.864 Thread 0x00000216ef297360 flushing  nmethod 0x00000216db4d1690
Event: 47.864 Thread 0x00000216ef297360 flushing  nmethod 0x00000216db4d1990
Event: 47.864 Thread 0x00000216ef297360 flushing  nmethod 0x00000216db4d6c10
Event: 47.864 Thread 0x00000216ef297360 flushing  nmethod 0x00000216db4d7190
Event: 47.864 Thread 0x00000216ef297360 flushing  nmethod 0x00000216db4d7590
Event: 47.864 Thread 0x00000216ef297360 flushing  nmethod 0x00000216db4d7c10
Event: 47.864 Thread 0x00000216ef297360 flushing  nmethod 0x00000216db50d510
Event: 47.864 Thread 0x00000216ef297360 flushing  nmethod 0x00000216db543610

Events (20 events):
Event: 38.361 Thread 0x00000216f8a85250 Thread exited: 0x00000216f8a85250
Event: 38.881 Thread 0x00000216f6503fb0 Thread exited: 0x00000216f6503fb0
Event: 38.932 Thread 0x00000216ef3834e0 Thread added: 0x00000216f6503fb0
Event: 39.852 Thread 0x00000216f6503fb0 Thread exited: 0x00000216f6503fb0
Event: 42.209 Thread 0x00000216ef3834e0 Thread added: 0x00000216f879b650
Event: 42.230 Thread 0x00000216ef3834e0 Thread added: 0x00000216f7e6b140
Event: 42.537 Thread 0x00000216f7e6b140 Thread exited: 0x00000216f7e6b140
Event: 43.049 Thread 0x00000216f879b650 Thread exited: 0x00000216f879b650
Event: 44.330 Thread 0x00000216ef3834e0 Thread added: 0x00000216f5eda950
Event: 44.664 Thread 0x00000216ef3834e0 Thread added: 0x00000216f64fd3e0
Event: 45.242 Thread 0x00000216f64fd3e0 Thread exited: 0x00000216f64fd3e0
Event: 46.139 Thread 0x00000216f50ded30 Thread added: 0x00000216f7f29720
Event: 46.277 Thread 0x00000216ef3834e0 Thread added: 0x00000216fa164660
Event: 46.427 Thread 0x00000216fa164660 Thread exited: 0x00000216fa164660
Event: 46.458 Thread 0x00000216f5eda950 Thread exited: 0x00000216f5eda950
Event: 46.568 Thread 0x00000216ef3834e0 Thread added: 0x00000216f985f3d0
Event: 46.926 Thread 0x00000216f58286c0 Thread exited: 0x00000216f58286c0
Event: 46.931 Thread 0x00000216ef3834e0 Thread added: 0x00000216f6d24060
Event: 47.126 Thread 0x00000216f6d24060 Thread exited: 0x00000216f6d24060
Event: 48.409 Thread 0x00000216ef3834e0 Thread added: 0x00000216f878dc90


Dynamic libraries:
0x00007ff605c00000 - 0x00007ff605c0a000 	C:\Program Files\Android\Android Studio\jbr\bin\java.exe
0x00007ffff4240000 - 0x00007ffff44a6000 	C:\WINDOWS\SYSTEM32\ntdll.dll
0x00007ffff2f90000 - 0x00007ffff3059000 	C:\WINDOWS\System32\KERNEL32.DLL
0x00007ffff1460000 - 0x00007ffff185e000 	C:\WINDOWS\System32\KERNELBASE.dll
0x00007ffff1ce0000 - 0x00007ffff1e2c000 	C:\WINDOWS\System32\ucrtbase.dll
0x00007fff82ea0000 - 0x00007fff82eb8000 	C:\Program Files\Android\Android Studio\jbr\bin\jli.dll
0x00007ffff3130000 - 0x00007ffff32f7000 	C:\WINDOWS\System32\USER32.dll
0x00007ffff19c0000 - 0x00007ffff19e7000 	C:\WINDOWS\System32\win32u.dll
0x00007ffff3ad0000 - 0x00007ffff3afb000 	C:\WINDOWS\System32\GDI32.dll
0x00007ffff1e40000 - 0x00007ffff1f6a000 	C:\WINDOWS\System32\gdi32full.dll
0x00007ffff19f0000 - 0x00007ffff1a93000 	C:\WINDOWS\System32\msvcp_win.dll
0x00007fff6f9d0000 - 0x00007fff6f9eb000 	C:\Program Files\Android\Android Studio\jbr\bin\VCRUNTIME140.dll
0x00007ffff0530000 - 0x00007ffff07c2000 	C:\WINDOWS\WinSxS\amd64_microsoft.windows.common-controls_6595b64144ccf1df_6.0.26100.8894_none_3e0f749ee32e02ea\COMCTL32.dll
0x00007ffff28e0000 - 0x00007ffff2989000 	C:\WINDOWS\System32\msvcrt.dll
0x00007ffff2090000 - 0x00007ffff20c2000 	C:\WINDOWS\System32\IMM32.DLL
0x00007fffafc10000 - 0x00007fffafc1c000 	C:\Program Files\Android\Android Studio\jbr\bin\vcruntime140_1.dll
0x00007fff6f6f0000 - 0x00007fff6f77d000 	C:\Program Files\Android\Android Studio\jbr\bin\msvcp140.dll
0x00007fff6f9f0000 - 0x00007fff70686000 	C:\Program Files\Android\Android Studio\jbr\bin\server\jvm.dll
0x00007ffff2ed0000 - 0x00007ffff2f87000 	C:\WINDOWS\System32\ADVAPI32.dll
0x00007ffff3ec0000 - 0x00007ffff3f6a000 	C:\WINDOWS\System32\sechost.dll
0x00007ffff1f70000 - 0x00007ffff2088000 	C:\WINDOWS\System32\RPCRT4.dll
0x00007ffff3a40000 - 0x00007ffff3ac0000 	C:\WINDOWS\System32\WS2_32.dll
0x00007ffff1100000 - 0x00007ffff115e000 	C:\WINDOWS\SYSTEM32\POWRPROF.dll
0x00007fffde100000 - 0x00007fffde136000 	C:\WINDOWS\SYSTEM32\WINMM.dll
0x00007fffefa20000 - 0x00007fffefa2b000 	C:\WINDOWS\SYSTEM32\VERSION.dll
0x00007ffff10e0000 - 0x00007ffff10f4000 	C:\WINDOWS\SYSTEM32\UMPDC.dll
0x00007fffefba0000 - 0x00007fffefbbb000 	C:\WINDOWS\SYSTEM32\kernel.appcore.dll
0x00007fffae010000 - 0x00007fffae01a000 	C:\Program Files\Android\Android Studio\jbr\bin\jimage.dll
0x00007ffff0c60000 - 0x00007ffff0ea2000 	C:\WINDOWS\SYSTEM32\DBGHELP.DLL
0x00007ffff3b30000 - 0x00007ffff3eb3000 	C:\WINDOWS\System32\combase.dll
0x00007ffff2df0000 - 0x00007ffff2ec9000 	C:\WINDOWS\System32\OLEAUT32.dll
0x00007ffff0b50000 - 0x00007ffff0b8b000 	C:\WINDOWS\SYSTEM32\dbgcore.DLL
0x00007ffff1870000 - 0x00007ffff191c000 	C:\WINDOWS\System32\bcryptPrimitives.dll
0x00007fffeb110000 - 0x00007fffeb11e000 	C:\Program Files\Android\Android Studio\jbr\bin\instrument.dll
0x00007fff6f9b0000 - 0x00007fff6f9d0000 	C:\Program Files\Android\Android Studio\jbr\bin\java.dll
0x00007fff6f990000 - 0x00007fff6f9a8000 	C:\Program Files\Android\Android Studio\jbr\bin\zip.dll
0x00007ffff20d0000 - 0x00007ffff2862000 	C:\WINDOWS\System32\SHELL32.dll
0x00007fffedd70000 - 0x00007fffee602000 	C:\WINDOWS\SYSTEM32\windows.storage.dll
0x00007ffff4000000 - 0x00007ffff40f7000 	C:\WINDOWS\System32\SHCORE.dll
0x00007ffff3790000 - 0x00007ffff37f7000 	C:\WINDOWS\System32\shlwapi.dll
0x00007ffff1380000 - 0x00007ffff13a9000 	C:\WINDOWS\SYSTEM32\profapi.dll
0x00007fffacc10000 - 0x00007fffacc20000 	C:\Program Files\Android\Android Studio\jbr\bin\net.dll
0x00007fffe7b80000 - 0x00007fffe7ca7000 	C:\WINDOWS\SYSTEM32\WINHTTP.dll
0x00007fffef5f0000 - 0x00007fffef65c000 	C:\WINDOWS\system32\mswsock.dll
0x00007fff6f970000 - 0x00007fff6f986000 	C:\Program Files\Android\Android Studio\jbr\bin\nio.dll
0x00007fffa6bc0000 - 0x00007fffa6bd0000 	C:\Program Files\Android\Android Studio\jbr\bin\verify.dll
0x00007fff708d0000 - 0x00007fff708f7000 	C:\Users\Jucelian\.gradle\native\660c5614fbf4a5f2a75b1949f50a0caf5cd603558e7d8a26e50b933a0cfb79d1\windows-amd64\native-platform.dll
0x00007fffab3c0000 - 0x00007fffab437000 	C:\Users\Jucelian\.gradle\native\0.2.8\x86_64-windows-gnu\gradle-fileevents.dll
0x00007fff75580000 - 0x00007fff75589000 	C:\Program Files\Android\Android Studio\jbr\bin\management.dll
0x00007fff6f3a0000 - 0x00007fff6f3ab000 	C:\Program Files\Android\Android Studio\jbr\bin\management_ext.dll
0x00007ffff3b20000 - 0x00007ffff3b28000 	C:\WINDOWS\System32\PSAPI.DLL
0x00007fffeeac0000 - 0x00007fffeeaf3000 	C:\WINDOWS\SYSTEM32\IPHLPAPI.DLL
0x00007ffff2de0000 - 0x00007ffff2dea000 	C:\WINDOWS\System32\NSI.dll
0x00007fff78690000 - 0x00007fff78699000 	C:\Program Files\Android\Android Studio\jbr\bin\extnet.dll
0x00007ffff0fd0000 - 0x00007ffff0feb000 	C:\WINDOWS\SYSTEM32\CRYPTSP.dll
0x00007fffef070000 - 0x00007fffef0a9000 	C:\WINDOWS\system32\rsaenh.dll
0x00007fffef6b0000 - 0x00007fffef6e2000 	C:\WINDOWS\SYSTEM32\USERENV.dll
0x00007ffff1350000 - 0x00007ffff137a000 	C:\WINDOWS\SYSTEM32\bcrypt.dll
0x00007fffef860000 - 0x00007fffef86c000 	C:\WINDOWS\SYSTEM32\CRYPTBASE.dll
0x00007fffa44c0000 - 0x00007fffa44c8000 	C:\WINDOWS\system32\wshunix.dll
0x00007fffeeb50000 - 0x00007fffeeca6000 	C:\WINDOWS\SYSTEM32\DNSAPI.dll
0x00007fffef3f0000 - 0x00007fffef3fd000 	C:\WINDOWS\SYSTEM32\DSPARSE.dll
0x00007fffe2e70000 - 0x00007fffe2e7b000 	C:\Windows\System32\rasadhlp.dll
0x00007fffe4700000 - 0x00007fffe4786000 	C:\WINDOWS\System32\fwpuclnt.dll

JVMTI agents:
C:\Users\Jucelian\.gradle\wrapper\dists\gradle-9.4.1-bin\arn2x92ynaizyzdaamcbpbhtj\gradle-9.4.1\lib\agents\gradle-instrumentation-agent-9.4.1.jar path:C:\Program Files\Android\Android Studio\jbr\bin\instrument.dll, loaded, initialized, instrumentlib options:none

dbghelp: loaded successfully - version: 4.0.5 - missing functions: none
symbol engine: initialized successfully - sym options: 0x614 - pdb path: .;C:\Program Files\Android\Android Studio\jbr\bin;C:\WINDOWS\SYSTEM32;C:\WINDOWS\WinSxS\amd64_microsoft.windows.common-controls_6595b64144ccf1df_6.0.26100.8894_none_3e0f749ee32e02ea;C:\Program Files\Android\Android Studio\jbr\bin\server;C:\Users\Jucelian\.gradle\native\660c5614fbf4a5f2a75b1949f50a0caf5cd603558e7d8a26e50b933a0cfb79d1\windows-amd64;C:\Users\Jucelian\.gradle\native\0.2.8\x86_64-windows-gnu

VM Arguments:
jvm_args: --add-opens=java.base/java.lang=ALL-UNNAMED --add-opens=java.base/java.lang.invoke=ALL-UNNAMED --add-opens=java.base/java.util=ALL-UNNAMED --add-opens=java.prefs/java.util.prefs=ALL-UNNAMED --add-exports=jdk.compiler/com.sun.tools.javac.api=ALL-UNNAMED --add-exports=jdk.compiler/com.sun.tools.javac.util=ALL-UNNAMED --add-opens=java.base/java.util=ALL-UNNAMED --add-opens=java.prefs/java.util.prefs=ALL-UNNAMED --add-opens=java.base/java.nio.charset=ALL-UNNAMED --add-opens=java.base/java.net=ALL-UNNAMED --add-opens=java.base/java.util.concurrent=ALL-UNNAMED --add-opens=java.base/java.util.concurrent.atomic=ALL-UNNAMED --add-opens=java.xml/javax.xml.namespace=ALL-UNNAMED --add-opens=java.base/java.time=ALL-UNNAMED -Xmx2048m -Dfile.encoding=UTF-8 -Duser.country=ZA -Duser.language=en -Duser.variant -javaagent:C:\Users\Jucelian\.gradle\wrapper\dists\gradle-9.4.1-bin\arn2x92ynaizyzdaamcbpbhtj\gradle-9.4.1\lib\agents\gradle-instrumentation-agent-9.4.1.jar 
java_command: org.gradle.launcher.daemon.bootstrap.GradleDaemon 9.4.1
java_class_path (initial): C:\Users\Jucelian\.gradle\wrapper\dists\gradle-9.4.1-bin\arn2x92ynaizyzdaamcbpbhtj\gradle-9.4.1\lib\gradle-daemon-main-9.4.1.jar
Launcher Type: SUN_STANDARD

[Global flags]
     intx CICompilerCount                          = 4                                         {product} {ergonomic}
     uint ConcGCThreads                            = 3                                         {product} {ergonomic}
     uint G1ConcRefinementThreads                  = 10                                        {product} {ergonomic}
   size_t G1HeapRegionSize                         = 1048576                                   {product} {ergonomic}
    uintx GCDrainStackTargetSize                   = 64                                        {product} {ergonomic}
   size_t InitialHeapSize                          = 536870912                                 {product} {ergonomic}
   size_t MarkStackSize                            = 4194304                                   {product} {ergonomic}
   size_t MaxHeapSize                              = 2147483648                                {product} {command line}
   size_t MaxNewSize                               = 1287651328                                {product} {ergonomic}
   size_t MinHeapDeltaBytes                        = 1048576                                   {product} {ergonomic}
   size_t MinHeapSize                              = 8388608                                   {product} {ergonomic}
    uintx NonNMethodCodeHeapSize                   = 5839372                                {pd product} {ergonomic}
    uintx NonProfiledCodeHeapSize                  = 122909434                              {pd product} {ergonomic}
    uintx ProfiledCodeHeapSize                     = 122909434                              {pd product} {ergonomic}
    uintx ReservedCodeCacheSize                    = 251658240                              {pd product} {ergonomic}
     bool SegmentedCodeCache                       = true                                      {product} {ergonomic}
   size_t SoftMaxHeapSize                          = 2147483648                             {manageable} {ergonomic}
     bool UseCompressedOops                        = true                           {product lp64_product} {ergonomic}
     bool UseG1GC                                  = true                                      {product} {ergonomic}
     bool UseLargePagesIndividualAllocation        = false                                  {pd product} {ergonomic}

Logging:
Log output configuration:
 #0: stdout all=warning uptime,level,tags foldmultilines=false
 #1: stderr all=off uptime,level,tags foldmultilines=false

Release file:
JAVA_VERSION="21.0.10" 
MODULES="java.base java.compiler java.datatransfer java.xml java.prefs java.desktop java.instrument java.logging java.management java.security.sasl java.naming java.rmi java.management.rmi java.net.http java.scripting java.security.jgss java.transaction.xa java.sql java.sql.rowset java.xml.crypto java.se java.smartcardio jdk.accessibility jdk.internal.jvmstat jdk.attach jdk.charsets jdk.internal.opt jdk.zipfs jdk.compiler jdk.crypto.ec jdk.crypto.cryptoki jdk.dynalink jdk.hotspot.agent jdk.httpserver jdk.internal.ed jdk.internal.le jdk.internal.vm.ci jdk.jartool jdk.javadoc jdk.jcmd jdk.jdeps jdk.jdwp.agent jdk.jdi jdk.jfr jdk.jlink jdk.jsobject jdk.localedata jdk.management jdk.management.agent jdk.management.jfr jdk.naming.dns jdk.naming.rmi jdk.net jdk.sctp jdk.security.auth jdk.security.jgss jdk.unsupported jdk.unsupported.desktop jdk.xml.dom" 
IMPLEMENTOR="JetBrains s.r.o." 
JAVA_RUNTIME_VERSION="21.0.10+-14961533-b1163.108" 
LIBC="default" 
OS_ARCH="x86_64" 
OS_NAME="Windows" 
SOURCE=".:git:1351622c2ff2" 

Environment Variables:
PATH=C:\WINDOWS\system32;C:\WINDOWS;C:\WINDOWS\System32\Wbem;C:\WINDOWS\System32\WindowsPowerShell\v1.0\;C:\WINDOWS\System32\OpenSSH\;C:\Program Files\Git\cmd;C:\Program Files\TortoiseSVN\bin;C:\Program Files\dotnet\;C:\Program Files\nodejs\;C:\Program Files\Microsoft SQL Server\170\Tools\Binn\;C:\Program Files\Microsoft SQL Server\Client SDK\ODBC\170\Tools\Binn\;C:\Program Files\WireGuard\;C:\Users\Jucelian\AppData\Local\Programs\Python\Launcher\;C:\Users\Jucelian\.local\bin;C:\Users\Jucelian\AppData\Local\Microsoft\WindowsApps;C:\Users\Jucelian\AppData\Local\GitHubDesktop\bin;C:\Users\Jucelian\AppData\Local\Programs\Microsoft VS Code\bin;C:\Users\Jucelian\AppData\Roaming\npm;C:\Users\Jucelian\AppData\Local\Python\bin;C:\Users\Jucelian\.dotnet\tools
USERNAME=Jucelian
OS=Windows_NT
PROCESSOR_IDENTIFIER=AMD64 Family 25 Model 80 Stepping 0, AuthenticAMD
TMP=C:\Users\Jucelian\AppData\Local\Temp
TEMP=C:\Users\Jucelian\AppData\Local\Temp




Periodic native trim disabled

JNI global refs:
JNI global refs: 28, weak refs: 2

JNI global refs memory usage: 835, weak refs: 833

Process memory usage:
Resident Set Size: 585548K (1% of 33445272K total physical memory with 18859840K free physical memory)

OOME stack traces (most recent first):
Classloader memory used:
Loader org.gradle.internal.classloader.VisitableURLClassLoader                         : 42307K
Loader bootstrap                                                                       : 29469K
Loader org.gradle.internal.classloader.VisitableURLClassLoader$InstrumentingVisitableURLClassLoader: 17991K
Loader org.gradle.initialization.MixInLegacyTypesClassLoader                           : 12163K
Loader org.gradle.internal.classloader.VisitableURLClassLoader                         : 1250K
Loader jdk.internal.loader.ClassLoaders$PlatformClassLoader                            : 454K
Loader jdk.internal.reflect.DelegatingClassLoader                                      : 359K
Loader jdk.internal.loader.ClassLoaders$AppClassLoader                                 : 192K
Loader org.gradle.groovy.scripts.internal.DefaultScriptCompilationHandler$ScriptClassLoader: 92416B

Classes loaded by more than one classloader:
Class Program                                                                         : loaded 5 times (x 72B)
Class Build_gradle                                                                    : loaded 3 times (x 126B)
Class com.google.common.collect.PeekingIterator                                       : loaded 3 times (x 70B)
Class com.google.common.base.Preconditions                                            : loaded 3 times (x 71B)
Class org.gradle.internal.IoActions                                                   : loaded 3 times (x 71B)
Class org.gradle.api.GradleException                                                  : loaded 3 times (x 82B)
Class org.gradle.api.Action                                                           : loaded 3 times (x 70B)
Class org.gradle.internal.Cast                                                        : loaded 3 times (x 71B)
Class com.google.common.collect.ImmutableList                                         : loaded 3 times (x 206B)
Class com.google.common.collect.Iterators$9                                           : loaded 3 times (x 81B)
Class com.google.common.collect.Lists                                                 : loaded 3 times (x 71B)
Class com.google.common.collect.ImmutableCollection                                   : loaded 3 times (x 125B)
Class com.google.common.collect.Iterators$5                                           : loaded 3 times (x 82B)
Class com.google.common.collect.Iterators$4                                           : loaded 3 times (x 82B)
Class com.google.common.collect.UnmodifiableListIterator                              : loaded 3 times (x 95B)
Class com.google.common.collect.Iterators$1                                           : loaded 3 times (x 81B)
Class com.google.common.collect.Iterators$MergingIterator                             : loaded 3 times (x 81B)
Class com.google.common.collect.AbstractIndexedListIterator                           : loaded 3 times (x 96B)
Class com.google.common.collect.AbstractIterator                                      : loaded 3 times (x 82B)
Class com.google.common.collect.Lists$StringAsImmutableList                           : loaded 3 times (x 207B)
Class com.google.common.collect.Iterators                                             : loaded 3 times (x 71B)
Class com.google.common.collect.Iterators$SingletonIterator                           : loaded 3 times (x 81B)
Class com.google.common.collect.UnmodifiableIterator                                  : loaded 3 times (x 80B)
Class com.google.common.collect.Iterators$ArrayItr                                    : loaded 3 times (x 97B)
Class com.google.common.collect.ListMultimap                                          : loaded 2 times (x 70B)
Class com.google.common.collect.ImmutableEnumMap                                      : loaded 2 times (x 126B)
Class org.gradle.tooling.internal.gradle.DefaultProjectIdentifier                     : loaded 2 times (x 86B)
Class com.google.common.collect.Sets$1                                                : loaded 2 times (x 139B)
Class org.objectweb.asm.AnnotationVisitor                                             : loaded 2 times (x 78B)
Class org.gradle.api.internal.DefaultClassPathProvider                                : loaded 2 times (x 76B)
Class com.google.common.collect.Sets$2                                                : loaded 2 times (x 139B)
Class [Lorg.gradle.api.internal.ClassPathProvider;                                    : loaded 2 times (x 69B)
Class org.gradle.api.internal.ClassPathProvider                                       : loaded 2 times (x 70B)
Class [Lorg.objectweb.asm.AnnotationVisitor;                                          : loaded 2 times (x 69B)
Class com.google.common.collect.Sets$3                                                : loaded 2 times (x 139B)
Class com.google.common.cache.LocalCache$LocalLoadingCache                            : loaded 2 times (x 134B)
Class org.gradle.internal.service.UnknownServiceException                             : loaded 2 times (x 83B)
Class com.google.common.collect.Sets$4                                                : loaded 2 times (x 139B)
Class org.objectweb.asm.ModuleVisitor                                                 : loaded 2 times (x 81B)
Class com.google.common.cache.LocalCache$Strength$1                                   : loaded 2 times (x 81B)
Class com.google.common.util.concurrent.SettableFuture                                : loaded 2 times (x 114B)
Class com.google.common.cache.LocalCache$Strength$2                                   : loaded 2 times (x 81B)
Class com.google.common.cache.LocalCache$Strength$3                                   : loaded 2 times (x 81B)
Class com.google.common.collect.MapDifference                                         : loaded 2 times (x 70B)
Class org.objectweb.asm.FieldWriter                                                   : loaded 2 times (x 78B)
Class com.google.common.cache.CacheBuilder$NullListener                               : loaded 2 times (x 82B)
Class org.gradle.internal.classpath.TransformedClassPath                              : loaded 2 times (x 96B)
Class org.gradle.internal.classloader.InstrumentingClassLoader                        : loaded 2 times (x 70B)
Class com.google.common.cache.CacheLoader$FunctionToCacheLoader                       : loaded 2 times (x 75B)
Class ijInit1_9oo4kvyuni16a02bhq9187y6g$_run_closure1                                 : loaded 2 times (x 140B)
Class com.google.common.collect.ImmutableCollection$Builder                           : loaded 2 times (x 76B)
Class kotlin.enums.EnumEntriesList                                                    : loaded 2 times (x 223B)
Class com.google.common.base.MoreObjects                                              : loaded 2 times (x 71B)
Class com.google.common.collect.Platform                                              : loaded 2 times (x 71B)
Class [Lorg.objectweb.asm.Type;                                                       : loaded 2 times (x 69B)
Class [Lcom.google.common.collect.ImmutableMapEntry;                                  : loaded 2 times (x 69B)
Class org.gradle.internal.service.ServiceLocator                                      : loaded 2 times (x 70B)
Class com.google.common.base.Ascii                                                    : loaded 2 times (x 71B)
Class com.google.common.collect.SingletonImmutableBiMap                               : loaded 2 times (x 143B)
Class com.google.common.cache.LocalCache$1                                            : loaded 2 times (x 89B)
Class kotlin.collections.AbstractList$Companion                                       : loaded 2 times (x 71B)
Class com.google.common.collect.AbstractMapEntry                                      : loaded 2 times (x 81B)
Class com.intellij.gradle.toolingExtension.util.GradleVersionUtil                     : loaded 2 times (x 71B)
Class org.gradle.tooling.model.UnsupportedMethodException                             : loaded 2 times (x 82B)
Class com.google.common.collect.ImmutableList$Builder                                 : loaded 2 times (x 77B)
Class com.google.common.collect.AbstractMultimap                                      : loaded 2 times (x 123B)
Class com.google.common.cache.LocalCache$2                                            : loaded 2 times (x 142B)
Class com.google.common.collect.RegularImmutableAsList                                : loaded 2 times (x 217B)
Class com.google.common.util.concurrent.AbstractFuture$Trusted                        : loaded 2 times (x 70B)
Class ijInit1_9oo4kvyuni16a02bhq9187y6g                                               : loaded 2 times (x 171B)
Class org.gradle.internal.classloader.DefaultClassLoaderFactory                       : loaded 2 times (x 82B)
Class com.google.common.util.concurrent.UncheckedExecutionException                   : loaded 2 times (x 82B)
Class org.gradle.kotlin.dsl.VersionCatalogAccessorsKt                                 : loaded 2 times (x 71B)
Class org.objectweb.asm.ClassWriter                                                   : loaded 2 times (x 106B)
Class com.google.common.cache.CacheLoader$UnsupportedLoadingOperationException        : loaded 2 times (x 82B)
Class com.google.common.base.CharMatcher$And                                          : loaded 2 times (x 112B)
Class org.gradle.internal.time.DefaultTimer                                           : loaded 2 times (x 80B)
Class org.objectweb.asm.FieldVisitor                                                  : loaded 2 times (x 77B)
Class com.google.common.collect.IndexedImmutableSet                                   : loaded 2 times (x 152B)
Class com.google.common.collect.ImmutableMap$1                                        : loaded 2 times (x 81B)
Class com.google.common.collect.BiMap                                                 : loaded 2 times (x 70B)
Class org.gradle.api.internal.classpath.DefaultModuleRegistry$DefaultModule           : loaded 2 times (x 82B)
Class com.google.common.primitives.Ints                                               : loaded 2 times (x 71B)
Class com.google.common.base.Suppliers                                                : loaded 2 times (x 71B)
Class com.google.common.collect.ObjectArrays                                          : loaded 2 times (x 71B)
Class com.google.common.math.MathPreconditions                                        : loaded 2 times (x 71B)
Class com.google.common.collect.Multiset                                              : loaded 2 times (x 70B)
Class com.google.common.collect.ArrayListMultimapGwtSerializationDependencies         : loaded 2 times (x 172B)
Class [Lcom.google.common.cache.CacheBuilder$OneWeigher;                              : loaded 2 times (x 69B)
Class org.gradle.internal.time.DefaultCountdownTimer                                  : loaded 2 times (x 88B)
Class com.google.common.collect.ImmutableMapEntrySet                                  : loaded 2 times (x 152B)
Class sync_studio_tooling4022_b9tdn80gzi8te6x7zfeph50gt$_run_closure1                 : loaded 2 times (x 139B)
Class org.gradle.tooling.internal.gradle.DefaultBuildIdentifier                       : loaded 2 times (x 79B)
Class org.gradle.api.internal.classpath.Module                                        : loaded 2 times (x 70B)
Class com.google.common.cache.Weigher                                                 : loaded 2 times (x 70B)
Class org.gradle.api.internal.classpath.UnknownModuleException                        : loaded 2 times (x 82B)
Class com.google.common.base.Stopwatch                                                : loaded 2 times (x 72B)
Class com.google.common.cache.LocalCache$Strength                                     : loaded 2 times (x 81B)
Class com.google.common.cache.Cache                                                   : loaded 2 times (x 70B)
Class com.google.common.util.concurrent.AbstractFuture$Cancellation                   : loaded 2 times (x 72B)
Class com.google.common.collect.ImmutableMap$Builder                                  : loaded 2 times (x 82B)
Class com.google.common.cache.RemovalListener                                         : loaded 2 times (x 70B)
Class org.gradle.tooling.internal.gradle.GradleProjectIdentity                        : loaded 2 times (x 70B)
Class org.gradle.api.internal.DefaultClassPathRegistry                                : loaded 2 times (x 76B)
Class com.google.common.primitives.IntsMethodsForWeb                                  : loaded 2 times (x 71B)
Class com.google.common.collect.Multimap                                              : loaded 2 times (x 70B)
Class org.gradle.internal.classpath.DefaultClassPath$ImmutableUniqueList              : loaded 2 times (x 199B)
Class org.gradle.api.internal.ClassPathRegistry                                       : loaded 2 times (x 70B)
Class org.objectweb.asm.MethodTooLargeException                                       : loaded 2 times (x 83B)
Class com.google.common.cache.CacheBuilder                                            : loaded 2 times (x 72B)
Class com.google.common.collect.SingletonImmutableList                                : loaded 2 times (x 207B)
Class Settings_gradle$1                                                               : loaded 2 times (x 74B)
Class org.gradle.internal.classpath.ClassPath                                         : loaded 2 times (x 70B)
Class com.google.common.collect.ImmutableList$ReverseImmutableList                    : loaded 2 times (x 209B)
Class org.objectweb.asm.SymbolTable$Entry                                             : loaded 2 times (x 74B)
Class org.gradle.api.internal.classpath.DefaultModuleRegistry$DefaultModuleAlias      : loaded 2 times (x 80B)
Class org.objectweb.asm.Edge                                                          : loaded 2 times (x 72B)
Class com.google.common.base.Suppliers$SupplierOfInstance                             : loaded 2 times (x 79B)
Class org.gradle.internal.operations.MultipleBuildOperationFailures                   : loaded 2 times (x 95B)
Class org.gradle.tooling.model.Model                                                  : loaded 2 times (x 70B)
Class com.google.common.cache.LocalCache$ComputingValueReference                      : loaded 2 times (x 96B)
Class com.google.common.collect.SingletonImmutableSet                                 : loaded 2 times (x 146B)
Class com.google.common.collect.ImmutableMap$IteratorBasedImmutableMap                : loaded 2 times (x 126B)
Class kotlin.UninitializedPropertyAccessException                                     : loaded 2 times (x 82B)
Class com.google.common.cache.LocalCache$Segment                                      : loaded 2 times (x 154B)
Class com.google.common.collect.AbstractListMultimap                                  : loaded 2 times (x 172B)
Class [Lorg.objectweb.asm.SymbolTable$Entry;                                          : loaded 2 times (x 69B)
Class com.google.common.cache.CacheLoader                                             : loaded 2 times (x 74B)
Class org.objectweb.asm.ClassVisitor                                                  : loaded 2 times (x 88B)
Class com.google.common.collect.ImmutableBiMap                                        : loaded 2 times (x 143B)
Class org.gradle.api.internal.classpath.ModuleRegistry                                : loaded 2 times (x 70B)
Class org.gradle.internal.installation.GradleInstallation$1                           : loaded 2 times (x 75B)
Class com.google.common.collect.ImmutableSet$JdkBackedSetBuilderImpl                  : loaded 2 times (x 76B)
Class com.google.common.util.concurrent.internal.InternalFutureFailureAccess          : loaded 2 times (x 72B)
Class [Lorg.objectweb.asm.Symbol;                                                     : loaded 2 times (x 69B)
Class com.google.common.cache.LocalCache$LocalManualCache$1                           : loaded 2 times (x 75B)
Class com.google.common.base.CharMatcher$ForPredicate                                 : loaded 2 times (x 112B)
Class com.google.common.base.CharMatcher$AnyOf                                        : loaded 2 times (x 112B)
Class com.google.common.collect.ImmutableMap$MapViewOfValuesAsSingletonSets           : loaded 2 times (x 126B)
Class org.gradle.api.internal.classpath.DefaultModuleRegistry                         : loaded 2 times (x 84B)
Class com.google.common.collect.RegularImmutableMap                                   : loaded 2 times (x 121B)
Class com.google.common.util.concurrent.ListenableFuture                              : loaded 2 times (x 70B)
Class com.google.common.cache.ReferenceEntry                                          : loaded 2 times (x 70B)
Class com.google.common.base.Converter                                                : loaded 2 times (x 90B)
Class com.google.common.collect.ImmutableSet$CachingAsList                            : loaded 2 times (x 148B)
Class com.google.common.collect.AbstractMapBasedMultimap                              : loaded 2 times (x 139B)
Class com.google.common.util.concurrent.AbstractFuture                                : loaded 2 times (x 106B)
Class com.google.common.base.FunctionalEquivalence                                    : loaded 2 times (x 83B)
Class com.google.common.collect.ImmutableList$1                                       : loaded 2 times (x 97B)
Class com.google.common.util.concurrent.ExecutionError                                : loaded 2 times (x 82B)
Class org.objectweb.asm.RecordComponentVisitor                                        : loaded 2 times (x 77B)
Class com.google.common.cache.CacheLoader$SupplierToCacheLoader                       : loaded 2 times (x 75B)
Class org.gradle.internal.time.MonotonicClock                                         : loaded 2 times (x 77B)
Class org.gradle.internal.service.ServiceLookupException                              : loaded 2 times (x 82B)
Class [Lcom.google.common.cache.LocalCache$EntryFactory;                              : loaded 2 times (x 69B)
Class org.gradle.internal.classloader.ClassLoaderFactory                              : loaded 2 times (x 70B)
Class com.google.common.cache.LocalCache$LocalManualCache                             : loaded 2 times (x 99B)
Class com.google.common.base.CharMatcher$IsNot                                        : loaded 2 times (x 111B)
Class org.gradle.internal.service.CachingServiceLocator                               : loaded 2 times (x 82B)
Class com.google.common.math.IntMath                                                  : loaded 2 times (x 71B)
Class com.google.common.collect.ImmutableMapEntry                                     : loaded 2 times (x 85B)
Class org.gradle.internal.time.TimeSource                                             : loaded 2 times (x 70B)
Class com.google.common.base.Equivalence                                              : loaded 2 times (x 82B)
Class com.google.common.base.Function                                                 : loaded 2 times (x 70B)
Class com.google.common.collect.ImmutableMapEntry$NonTerminalImmutableMapEntry        : loaded 2 times (x 85B)
Class org.gradle.tooling.internal.gradle.GradleBuildIdentity                          : loaded 2 times (x 70B)
Class kotlin.enums.EnumEntries                                                        : loaded 2 times (x 70B)
Class com.google.common.cache.CacheBuilder$OneWeigher                                 : loaded 2 times (x 82B)
Class com.google.common.collect.RegularImmutableList                                  : loaded 2 times (x 213B)
Class org.gradle.internal.exceptions.ResolutionProvider                               : loaded 2 times (x 70B)
Class org.gradle.tooling.model.ProjectIdentifier                                      : loaded 2 times (x 70B)
Class org.gradle.internal.classloader.ClasspathUtil                                   : loaded 2 times (x 71B)
Class org.jetbrains.kotlin.tooling.core.HasExtras                                     : loaded 2 times (x 70B)
Class com.google.common.util.concurrent.Uninterruptibles                              : loaded 2 times (x 71B)
Class com.google.common.util.concurrent.LazyLogger                                    : loaded 2 times (x 72B)
Class com.google.common.collect.Maps                                                  : loaded 2 times (x 71B)
Class org.gradle.internal.time.TimeSource$1                                           : loaded 2 times (x 77B)
Class kotlin.jvm.internal.DefaultConstructorMarker                                    : loaded 2 times (x 71B)
Class org.gradle.api.specs.Spec                                                       : loaded 2 times (x 70B)
Class [Lcom.google.common.collect.ImmutableEntry;                                     : loaded 2 times (x 69B)
Class com.google.common.cache.LocalCache$LoadingValueReference                        : loaded 2 times (x 96B)
Class com.intellij.gradle.toolingExtension.impl.model.utilDummyModel.DummyModel       : loaded 2 times (x 70B)
Class org.gradle.internal.time.Clock                                                  : loaded 2 times (x 70B)
Class [Lorg.objectweb.asm.AnnotationWriter;                                           : loaded 2 times (x 69B)
Class com.google.common.collect.Maps$8                                                : loaded 2 times (x 82B)
Class kotlin.collections.AbstractList                                                 : loaded 2 times (x 197B)
Class kotlin.collections.AbstractCollection                                           : loaded 2 times (x 117B)
Class org.jetbrains.kotlin.tooling.core.Extras                                        : loaded 2 times (x 70B)
Class com.google.common.collect.Sets$SetView                                          : loaded 2 times (x 138B)
Class com.google.common.cache.LocalCache$StrongValueReference                         : loaded 2 times (x 90B)
Class org.objectweb.asm.Type                                                          : loaded 2 times (x 72B)
Class org.gradle.internal.classloader.VisitableURLClassLoader$InstrumentingVisitableURLClassLoader: loaded 2 times (x 123B)
Class com.google.common.math.IntMath$1                                                : loaded 2 times (x 71B)
Class org.objectweb.asm.ByteVector                                                    : loaded 2 times (x 79B)
Class [Lcom.google.common.cache.CacheBuilder$NullListener;                            : loaded 2 times (x 69B)
Class org.gradle.internal.classloader.VisitableURLClassLoader$Spec                    : loaded 2 times (x 74B)
Class org.gradle.internal.classpath.DefaultClassPath                                  : loaded 2 times (x 90B)
Class org.objectweb.asm.Symbol                                                        : loaded 2 times (x 73B)
Class org.gradle.util.internal.DefaultGradleVersion                                   : loaded 2 times (x 82B)
Class com.google.common.base.CharMatcher$BitSetMatcher                                : loaded 2 times (x 112B)
Class com.google.common.collect.RegularImmutableMap$Values                            : loaded 2 times (x 207B)
Class com.google.common.collect.ImmutableSet                                          : loaded 2 times (x 145B)
Class org.gradle.internal.classloader.ClassLoaderSpec                                 : loaded 2 times (x 71B)
Class org.objectweb.asm.AnnotationWriter                                              : loaded 2 times (x 79B)
Class com.google.common.cache.CacheStats                                              : loaded 2 times (x 71B)
Class org.objectweb.asm.RecordComponentWriter                                         : loaded 2 times (x 78B)
Class com.google.common.util.concurrent.AbstractFuture$Listener                       : loaded 2 times (x 72B)
Class com.google.common.base.CharMatcher$Or                                           : loaded 2 times (x 112B)
Class Settings_gradle$1$1                                                             : loaded 2 times (x 74B)
Class org.gradle.api.internal.classpath.Module$ModuleAlias                            : loaded 2 times (x 70B)
Class org.objectweb.asm.Attribute                                                     : loaded 2 times (x 77B)
Class com.google.common.base.Supplier                                                 : loaded 2 times (x 70B)
Class org.gradle.internal.classloader.VisitableURLClassLoader                         : loaded 2 times (x 117B)
Class Settings_gradle                                                                 : loaded 2 times (x 124B)
Class com.google.common.collect.ImmutableEnumSet                                      : loaded 2 times (x 146B)
Class org.gradle.internal.classloader.ClassLoaderHierarchy                            : loaded 2 times (x 70B)
Class com.google.common.collect.Sets                                                  : loaded 2 times (x 71B)
Class org.objectweb.asm.Handler                                                       : loaded 2 times (x 72B)
Class com.google.common.base.Ticker                                                   : loaded 2 times (x 72B)
Class com.google.common.base.CharMatcher$FastMatcher                                  : loaded 2 times (x 111B)
Class [Lcom.google.common.cache.LocalCache$Segment;                                   : loaded 2 times (x 69B)
Class [Lcom.google.common.cache.LocalCache$Strength;                                  : loaded 2 times (x 69B)
Class com.google.common.cache.CacheBuilder$1                                          : loaded 2 times (x 85B)
Class com.google.common.base.Predicate                                                : loaded 2 times (x 70B)
Class com.google.common.collect.ImmutableMap                                          : loaded 2 times (x 120B)
Class org.gradle.internal.classpath.DefaultClassPath$ImmutableUniqueList$Builder      : loaded 2 times (x 75B)
Class com.google.common.cache.LocalCache                                              : loaded 2 times (x 187B)
Class com.google.common.cache.CacheBuilder$2                                          : loaded 2 times (x 79B)
Class com.google.common.base.CharMatcher$NegatedFastMatcher                           : loaded 2 times (x 113B)
Class com.google.common.collect.ArrayListMultimap                                     : loaded 2 times (x 172B)
Class com.google.common.cache.CacheBuilder$3                                          : loaded 2 times (x 72B)
Class [Lcom.google.common.collect.AbstractMapEntry;                                   : loaded 2 times (x 69B)
Class com.google.common.collect.ImmutableEntry                                        : loaded 2 times (x 82B)
Class com.google.common.base.CharMatcher$IsEither                                     : loaded 2 times (x 111B)
Class org.gradle.internal.exceptions.NonGradleCauseExceptionsHolder                   : loaded 2 times (x 70B)
Class com.google.common.collect.CollectPreconditions                                  : loaded 2 times (x 71B)
Class sync_studio_tooling4022_b9tdn80gzi8te6x7zfeph50gt                               : loaded 2 times (x 171B)
Class com.google.common.collect.SortedMapDifference                                   : loaded 2 times (x 70B)
Class com.google.common.cache.LocalCache$EntryFactory                                 : loaded 2 times (x 83B)
Class org.jetbrains.kotlin.tooling.core.HasMutableExtras                              : loaded 2 times (x 70B)
Class com.google.common.cache.LocalCache$AbstractReferenceEntry                       : loaded 2 times (x 107B)
Class org.gradle.internal.classloader.FilteringClassLoader                            : loaded 2 times (x 105B)
Class kotlin.enums.EnumEntriesKt                                                      : loaded 2 times (x 71B)
Class org.objectweb.asm.SymbolTable                                                   : loaded 2 times (x 72B)
Class com.google.common.cache.CacheLoader$InvalidCacheLoadException                   : loaded 2 times (x 82B)
Class com.google.common.collect.ImmutableSet$RegularSetBuilderImpl                    : loaded 2 times (x 77B)
Class com.google.common.cache.LocalCache$StrongEntry                                  : loaded 2 times (x 108B)
Class com.google.common.util.concurrent.AbstractFuture$TrustedFuture                  : loaded 2 times (x 114B)
Class com.google.common.cache.LoadingCache                                            : loaded 2 times (x 70B)
Class org.gradle.internal.exceptions.MultiCauseException                              : loaded 2 times (x 70B)
Class org.gradle.internal.time.CountdownTimer                                         : loaded 2 times (x 70B)
Class kotlin.jvm.internal.Intrinsics                                                  : loaded 2 times (x 71B)
Class org.objectweb.asm.MethodWriter                                                  : loaded 2 times (x 106B)
Class [Lcom.google.common.cache.Weigher;                                              : loaded 2 times (x 69B)
Class com.google.common.collect.RegularImmutableMap$BucketOverflowException           : loaded 2 times (x 82B)
Class org.gradle.tooling.model.ProjectModel                                           : loaded 2 times (x 70B)
Class kotlin.KotlinNullPointerException                                               : loaded 2 times (x 83B)
Class com.google.common.collect.RegularImmutableBiMap                                 : loaded 2 times (x 149B)
Class com.google.common.cache.LocalCache$ValueReference                               : loaded 2 times (x 70B)
Class com.google.common.base.CharMatcher$Negated                                      : loaded 2 times (x 113B)
Class com.google.common.base.CharMatcher$Is                                           : loaded 2 times (x 111B)
Class org.gradle.internal.exceptions.DefaultMultiCauseException                       : loaded 2 times (x 95B)
Class com.google.common.util.concurrent.AbstractFuture$Failure                        : loaded 2 times (x 72B)
Class com.google.common.base.Equivalence$Equals                                       : loaded 2 times (x 82B)
Class com.google.common.collect.Hashing                                               : loaded 2 times (x 71B)
Class kotlin.NotImplementedError                                                      : loaded 2 times (x 82B)
Class org.objectweb.asm.Label                                                         : loaded 2 times (x 73B)
Class org.objectweb.asm.CurrentFrame                                                  : loaded 2 times (x 73B)
Class org.objectweb.asm.ClassTooLargeException                                        : loaded 2 times (x 83B)
Class com.google.common.base.CharMatcher                                              : loaded 2 times (x 111B)
Class com.google.common.collect.RegularImmutableMap$KeySet                            : loaded 2 times (x 152B)
Class org.gradle.internal.time.Time                                                   : loaded 2 times (x 71B)
Class org.objectweb.asm.Frame                                                         : loaded 2 times (x 73B)
Class org.objectweb.asm.MethodVisitor                                                 : loaded 2 times (x 105B)
Class com.google.common.cache.LocalCache$EntryFactory$1                               : loaded 2 times (x 83B)
Class [Lcom.google.common.cache.RemovalListener;                                      : loaded 2 times (x 69B)
Class com.google.common.base.CharMatcher$1                                            : loaded 2 times (x 113B)
Class com.google.common.base.CharMatcher$NamedFastMatcher                             : loaded 2 times (x 112B)
Class com.google.common.cache.LocalCache$EntryFactory$2                               : loaded 2 times (x 83B)
Class org.objectweb.asm.ModuleWriter                                                  : loaded 2 times (x 82B)
Class com.google.common.cache.LocalCache$EntryFactory$3                               : loaded 2 times (x 83B)
Class com.google.common.base.Ticker$1                                                 : loaded 2 times (x 72B)
Class com.google.common.collect.Maps$BiMapConverter                                   : loaded 2 times (x 90B)
Class com.google.common.collect.ImmutableMapEntrySet$RegularEntrySet                  : loaded 2 times (x 152B)
Class org.gradle.tooling.model.BuildIdentifier                                        : loaded 2 times (x 70B)
Class kotlin.NoWhenBranchMatchedException                                             : loaded 2 times (x 82B)
Class com.google.common.collect.ImmutableSet$Builder                                  : loaded 2 times (x 85B)
Class com.google.common.cache.LocalCache$EntryFactory$4                               : loaded 2 times (x 83B)
Class com.google.common.base.CharMatcher$InRange                                      : loaded 2 times (x 111B)
Class com.google.common.cache.LocalCache$EntryFactory$5                               : loaded 2 times (x 83B)
Class com.google.common.base.Equivalence$Identity                                     : loaded 2 times (x 82B)
Class com.google.common.cache.LocalCache$EntryFactory$6                               : loaded 2 times (x 83B)
Class org.gradle.internal.time.Timer                                                  : loaded 2 times (x 70B)
Class kotlin.jvm.internal.markers.KMappedMarker                                       : loaded 2 times (x 70B)
Class org.gradle.internal.installation.CurrentGradleInstallationLocator               : loaded 2 times (x 71B)
Class com.google.common.collect.ImmutableSet$EmptySetBuilderImpl                      : loaded 2 times (x 76B)
Class com.google.common.cache.LocalCache$EntryFactory$7                               : loaded 2 times (x 83B)
Class com.google.common.collect.ImmutableAsList                                       : loaded 2 times (x 209B)
Class org.gradle.internal.service.DefaultServiceLocator                               : loaded 2 times (x 83B)
Class com.google.common.cache.LocalCache$EntryFactory$8                               : loaded 2 times (x 83B)
Class com.google.common.collect.ImmutableSet$SetBuilderImpl                           : loaded 2 times (x 76B)
Class org.gradle.util.GradleVersion                                                   : loaded 2 times (x 81B)
Class org.gradle.internal.installation.CurrentGradleInstallation                      : loaded 2 times (x 73B)
Class com.google.common.cache.CacheLoader$1                                           : loaded 2 times (x 75B)
Class com.google.common.collect.ImmutableList$SubList                                 : loaded 2 times (x 209B)
Class org.gradle.util.internal.GUtil                                                  : loaded 2 times (x 71B)
Class com.google.common.cache.AbstractCache$StatsCounter                              : loaded 2 times (x 70B)
Class com.google.common.base.PairwiseEquivalence                                      : loaded 2 times (x 83B)
Class com.google.common.collect.RegularImmutableSet                                   : loaded 2 times (x 149B)
Class org.gradle.internal.installation.GradleInstallation                             : loaded 2 times (x 75B)
Class com.google.common.collect.Iterables                                             : loaded 2 times (x 71B)

---------------  S Y S T E M  ---------------

OS:
 Windows 11 , 64 bit Build 26100 (10.0.26100.8875)
OS uptime: 0 days 0:46 hours
Hyper-V role detected

CPU: total 12 (initial active 12) (12 cores per cpu, 2 threads per core) family 25 model 80 stepping 0 microcode 0xa50000f, cx8, cmov, fxsr, ht, mmx, 3dnowpref, sse, sse2, sse3, ssse3, sse4a, sse4.1, sse4.2, popcnt, lzcnt, tsc, tscinvbit, avx, avx2, aes, clmul, bmi1, bmi2, adx, sha, fma, vzeroupper, clflush, clflushopt, hv, rdtscp, rdpid, f16c, cet_ss
Processor Information for the first 12 processors :
  Max Mhz: 3600, Current Mhz: 3600, Mhz Limit: 3600

Memory: 4k page, system-wide physical 32661M (18411M free)
TotalPageFile size 73621M (AvailPageFile size 48790M)
current process WorkingSet (physical memory assigned to process): 575M, peak: 575M
current process commit charge ("private bytes"): 617M, peak: 654M

vm_info: OpenJDK 64-Bit Server VM (21.0.10+-14961533-b1163.108) for windows-amd64 JRE (21.0.10+-14961533-b1163.108), built on 2026-03-02T19:58:50Z by "builder" with MS VC++ 16.10 / 16.11 (VS2019)

END.
